,Unnamed: 0,Portal,Título,Resumo,Data,URL
1116,1116,Folha de S.Paulo,Foco: Capela que desabou em enchente de São Luiz do Paraitinga é reconstruída,Foco: Capela que desabou em enchente de São Luiz do Paraitinga é reconstruída - 26/09/2011&nbsp;&nbsp;Folha de S.Paulo,2011-09-26 07:00:00,https://news.google.com/rss/articles/CBMia0FVX3lxTE5OU1B1bmVwMTBNSEdQOWkwS05RdTdyNzIzUWsxOU56QVZQcDBZS21mY29DMlVGRzM0ek0wMlQ3RFhPZGtyeU9hd3REOFlKalhpQzFReFY4U2wwV3NEcl95QmJIQy03RHg3eGFJ?oc=5
906,906,Joven Pan,Mortos pelas chuvas no Estado da Bahia sobem para 26,"Ao todo há 518 feridos no estado, com 30.915 pessoas desabrigadas e 62.731 desalojadas",2022-01-03 23:00:00,https://jovempan.com.br/noticias/brasil/mortos-pelas-chuvas-no-estado-da-bahia-sobem-para-26.html
197,197,Joven Pan,"Chuva forte atinge São Paulo, Rio de Janeiro e o Sul do país nesta quarta-feira","Sistema de baixa pressão atmosférica está em atuação no Sudeste, impactando diretamente a capital paulista e as áreas serranas fluminenses; ventos que podem alcançar velocidades entre 50 km/h e 70 km/h",2025-04-09 09:35:00,https://jovempan.com.br/noticias/brasil/chuva-forte-atinge-sao-paulo-rio-de-janeiro-e-o-sul-do-pais-nesta-quarta-feira.html
609,609,Joven Pan,Bacia do Amazonas se recupera após pior seca em um século,"Nível do rio Negro subiu 17 centímetros nos últimos dias, interrompendo sequência de quedas que durou mais de 130 dias",2023-11-02 11:19:00,https://jovempan.com.br/noticias/brasil/bacia-do-amazonas-se-recupera-apos-pior-seca-em-um-seculo.html
883,883,Joven Pan,Deslizamento de terra destrói casarão no centro histórico de Ouro Preto; veja vídeo,"Acidente aconteceu nesta quinta-feira, 13, e também atingiu um depósito; segundo a Defesa Civil, a recomendação é que os moradores não passem pela região",2022-01-13 11:00:00,https://jovempan.com.br/noticias/brasil/deslizamento-de-terra-destroi-casarao-no-centro-historico-de-ouro-preto.html
836,836,Joven Pan,Mortos pelas chuvas em Petrópolis chegam a 198; bombeiros procuram 69 desaparecidos,"Segundo a Polícia Civil, 181 vítimas já foram identificadas, o que corresponde a aproximadamente 91% do total; Defesa Civil e Secretaria de Assistência Social seguem trabalhando no local",2022-02-23 08:46:00,https://jovempan.com.br/noticias/brasil/mortos-pelas-chuvas-em-petropolis-chegam-a-198-bombeiros-procuram-69-desaparecidos.html
279,279,Joven Pan,"Rodovia se rompe após chuvas em Sergipe, engole carros e deixa ao menos três mortos","Dois veículos foram arrastados para o buraco que se abriu na estrada, mas o motorista de um deles consegui se salvar; o outro automóvel submergiu com duas mulheres e um homem",2025-01-12 15:59:00,https://jovempan.com.br/noticias/brasil/rodovia-se-rompe-apos-chuvas-em-sergipe-engole-carros-e-deixa-ao-menos-tres-mortos.html
293,293,Joven Pan,Defesa Civil alerta para riscos de tempestades em São Paulo,"Com a chegada do verão, a presença chuvas típicas são intensificadas ao longo dos próximos dias em todo estado; precipitações podem vir acompanhadas de ventos, granizos e raios",2024-12-31 09:18:00,https://jovempan.com.br/programas/jornal-da-manha/defesa-civil-alerta-para-riscos-de-tempestades-em-sao-paulo.html
1037,1037,G1,"Enchente atinge bananais em três cidades do Vale do Ribeira, SP","Enchente atinge bananais em três cidades do Vale do Ribeira, SP&nbsp;&nbsp;G1",2016-01-04 08:00:00,https://news.google.com/rss/articles/CBMivgFBVV95cUxQS0xzTUpaMXZMY0FVd3YyeV9iN0dhWlVTdFhLWGptRzJ2dDJ5UkNRM0cwSFdwMG9sa1RncmpxRFZ6R2tkR29mZjJ6T1paLUpGLTN1d2IxQkxRalpNWnd3VlF1cHh6Z3RDS2xVc1FYdGowY0Myc0U2N2RjS1AzbFpITXpCSnBlMlhfT1NCSEhBaElwdnBEaWhuRGRaOTdPOWVrYUpZZUplRVh5a0NGNkdPV3IxN0VyYXAyTUlHdWRB?oc=5
400,400,Joven Pan,Chuva preta atinge municípios de Santa Catarina,"Defesa Civil orienta a população a tomar cuidados especiais, pois fenômeno pode conter substâncias tóxicas e perigosas para a saúde, principalmente respiratórias",2024-09-14 08:53:00,https://jovempan.com.br/programas/jornal-da-manha/chuva-preta-atinge-municipios-de-santa-catarina.html
122,122,Joven Pan,Enem é suspenso em Rio Bonito do Iguaçu após estragos causados por ciclone extratropical,"De acordo com o protocolo do Inep, todos os participantes afetados terão direito à reaplicação do exame em nova data, que será definida e informada após avaliação técnica das condições do município",2025-11-08 11:28:00,https://jovempan.com.br/noticias/brasil/enem-e-suspenso-em-rio-bonito-do-iguacu-apos-estragos-causados-por-ciclone-extratropical.html
183,183,Joven Pan,Virginia Fonseca será ouvida na CPI das Bets no dia 13 de maio,"Sessão está marcada para a próxima terça-feira (13) às 11h; convocação foi feita pela senadora Soraya Thronicke, que atua como relatora da CPI",2025-05-07 22:21:00,https://jovempan.com.br/entretenimento/famosos/virginia-fonseca-sera-ouvida-na-cpi-das-bets-no-dia-13-de-maio.html
202,202,Joven Pan,Nova frente fria causará queda de temperaturas e chuvas ao Brasil,Massa de ar frio virá acompanhada de ventos de origem polar que intensificarão a sensação de frio nas regiões Sul e Sudeste do país,2025-04-06 07:25:00,https://jovempan.com.br/noticias/brasil/nova-frente-fria-causara-queda-de-temperaturas-e-chuvas-ao-brasil.html
438,438,Joven Pan,Rio Grande do Sul registra mais uma morte por enchentes; número de vítimas sobe para 173,Novo balanço acontece depois de uma semana; nível do Rio Guaíba em Porto Alegre atinge menor marcar já registrada desde o dia 3 e maio,2024-06-09 16:03:00,https://jovempan.com.br/noticias/brasil/rio-grande-do-sul-registra-mais-uma-morte-por-enchentes-numero-de-vitimas-sobe-para-173.html
835,835,Joven Pan,"São Paulo registra enchentes, quedas de árvores e desabamentos após fortes chuvas",Corpo de Bombeiros foi acionado para salvar um grupo de pessoas ilhadas na região da Vila Prudente,2022-03-01 21:32:00,https://jovempan.com.br/noticias/brasil/sao-paulo-registra-enchentes-quedas-de-arvores-e-desabamentos-apos-fortes-chuvas.html
246,246,Joven Pan,São Paulo terá pancadas de chuva nesta sexta,"Capital paulista contará com um dia quente e abafado, com temperaturas máximas em torno de 33ºC",2025-02-07 09:14:00,https://jovempan.com.br/programas/jornal-da-manha/sao-paulo-tera-pancadas-de-chuva-nesta-sexta.html
415,415,Joven Pan,Tarcísio de Freitas diz que São Paulo avança em medidas preventivas para evitar novas queimadas,"O governador frisou ainda que, graças à mobilização no Estado, os focos de incêndio, que chegaram a 2,7 mil na quinta, foram totalmente neutralizados na segunda-feira (2), impedindo que os prejuízos fossem maiores",2024-08-28 15:51:00,https://jovempan.com.br/noticias/brasil/tarcisio-de-freitas-diz-que-sao-paulo-avanca-em-medidas-preventivas-para-evitar-novas-queimadas.html
980,980,G1,Resultado da apuração das Eleições 2016 em Queimada Nova para prefeito e vereador,Resultado da apuração das Eleições 2016 em Queimada Nova para prefeito e vereador&nbsp;&nbsp;G1,2022-01-20 03:28:23,https://news.google.com/rss/articles/CBMie0FVX3lxTFBBMWF6TXlvVU1STXRhc21HMy03S0NWb3ktQUpfeUtyY2pnRkdydENrbXVBUVo2U2xGS0NNRVVDTlZ3emxseUZQYXlFcEFDZHpEUHh0U0lwalRjZHZ0bWVBRWxXM0RVVFRZOEJYX2dlRWwtbEpsMnhOaDBzRQ?oc=5
967,967,Joven Pan,Samarco retoma atividades em Mariana cinco anos após desastre ambiental,Retorno ocorre antes de os moradores atingidos pela tragédia serem realocados para local próximo do rompimento da barragem; até hoje ninguém foi responsabilizado pelo ocorrido,2020-12-25 13:40:00,https://jovempan.com.br/noticias/brasil/samarco-retoma-atividades-em-mariana-cinco-anos-apos-desastre-ambiental.html
1084,1084,G1,Bisavô de Ana Clara morre após saber que menina foi queimada em ataque,Bisavô de Ana Clara morre após saber que menina foi queimada em ataque&nbsp;&nbsp;G1,2014-01-06 08:00:00,https://news.google.com/rss/articles/CBMitAFBVV95cUxPeE5ISzV0T3R4NF9NdUVLTGc5NVNKeHVaSjByZFhBbFdTblVSUF9WenVjbm9VOUNHZDAzVWhqUkFuRUllbXlYWUtUeVNveTdPOWxqcmhQNFU2VHBLZXhxNDFFdjNEY2RTTGlyQlduMFZTNk5KMzZKTjNtSGdoZWZvUmJCOXpHeXYwY0xyMmNHeTM5b2JQb0d0S3gzM294Mmh1NmRlekdab2VYN3BteTNtSWp6NFY?oc=5
971,971,G1,"Cidade atingida por enchente no RS instala sinalização com rotas de fuga, pontos de encontro e locais perigosos","Cidade atingida por enchente no RS instala sinalização com rotas de fuga, pontos de encontro e locais perigosos&nbsp;&nbsp;G1",2026-05-13 14:16:56,https://news.google.com/rss/articles/CBMilwJBVV95cUxPYXVYWkcwZzV5RnFJSHVEcms2cC14LUxFYkNqWEpkSjBUU1dEUzBTZUM3QUc4MjZBNXRyLTdMTmNsOUN0alFrSnJ5OWFPZi1wSDRUejh3dXRCa1pzTzJJRDY2azBUZFAxWnpBNEd4Y29nQUhXSXRFdF9KelVMX0JhT2lxMUkxel9iazNrWlZjZ3FEb2M4ZG5VQmhib29sanVDVzdiVWUxMEZZa0dwYVY5WEFOZnhDazNBT2pCWHduZnBLRGRCMGxiS0FUNWdFemp3ZExqLUdzUHBtSndlVVZPU2syblVfVkItajEybTBfR1pUdjE3WVgxamtqWDNmWkhDVlRoeko0WXg1YWpWRmx0MmI1Z3ZpaVnSAZcCQVVfeXFMT2F1WFpHMGc1eUZxSUh1RHJrNnAteC1MRWJDalhKZEowVFNXRFMwU2VDN0FHODI2QTV0ci03TE5jbDlDdGpRa0pyeTlhT2YtcEg0VHo4d3V0Qmtac08ySUQ2NmswVGRQMVp6QTRHeGNvZ0FIV0l0RXRfSnpVTF9CYU9pcTFJMXpfYmsza1pWY2dxRG9jOGRuVUJoYm9vbGp1Q1c3YlVlMTBGWWtHcGFWOVhBTmZ4Q2szQU9qQlh3bmZwS0RkQjBsYktBVDVnRXpqd2RMai1Hc1BwbUp3ZVVWT1NrMm5VX1ZCLWoxMm0wX0daVHYxN1lYMWpralgzZlpIQ1ZUaHpKNFl4NWFqVkZsdDJiNWd2aWlZ?oc=5
52,52,Joven Pan,Frente fria provoca chuva e queda de temperaturas em SP e em outros Estados,"De acordo com informações da Climatempo, a combinação entre calor, umidade elevada e a aproximação da frente fria irão favorecer a ocorrência de pancadas de chuva moderadas a fortes, principalmente no período da tarde e da noite",2026-02-05 10:40:00,https://jovempan.com.br/noticias/brasil/frente-fria-provoca-chuva-e-queda-de-temperaturas-em-sp-e-em-outros-estados.html
129,129,Joven Pan,São Paulo ainda tem mais de 45 mil imóveis sem luz devido às chuvas,"A tempestade que atingiu a cidade, na madrugada desta quarta-feira (29), causou alagamentos e queda de energia em várias regiões",2025-10-29 13:42:00,https://jovempan.com.br/noticias/brasil/sao-paulo-ainda-tem-mais-de-45-mil-imoveis-sem-luz-devido-as-chuvas.html
637,637,Joven Pan,Sobe para 46 o número de mortos no Rio Grande do Sul após passagem de ciclone,"De acordo com a Defesa Civil do Rio Grande do Sul, 46 pessoas ainda estão desaparecidas",2023-09-10 21:41:00,https://jovempan.com.br/noticias/brasil/sobe-para-46-o-numero-de-mortos-no-rio-grande-do-sul-apos-passagem-de-ciclone.html
402,402,Joven Pan,Queimadas no Brasil podem causar ‘chuva preta’ em quatro estados,"Desde o dia 11 deste mês, a cidade de São Paulo, por exemplo, tem enfrentado episódios de ‘chuva’ de fuligem, especialmente na Zona Oeste",2024-09-13 06:43:00,https://jovempan.com.br/noticias/brasil/queimadas-no-brasil-podem-causar-chuva-preta-em-quatro-estados.html
990,990,G1,Mais uma queimada é registrada em Itapetininga,Mais uma queimada é registrada em Itapetininga&nbsp;&nbsp;G1,2018-07-27 07:00:00,https://news.google.com/rss/articles/CBMi-gFBVV95cUxNcUtpdEZDMG4tNGVzMlU5UkYtNU9sYWZicHRKSGlOWEdUY0xXOEl2M0tGdmliNkxGaEdmdFVaam5TaTNTbldUMnprWjJDd1J5dGE0MHNFOF9GcmxmUWRjUURNM0lMVWFVbW9VTjV3UGZuamFCS0ZkSWtXUzdMUXdEbi1HX0U4NmdTekM5TU5CZWtoVDJ5a0JxYmtsT3hWc1hWeE9heUFtV3YtVk9CcHJyRjMtdF90c0w0ZEdDSmgxYVFqbko2d3Z2YzBnUnJBYWhGRjh5SHNWWUkzVjhocDF3WEcyZ3NfOUk0MC1Rbi03ejNpY3FRb29Qc0lB0gH6AUFVX3lxTE1xS2l0RkMwbi00ZXMyVTlSRi01T2xhZmJwdEpIaU5YR1RjTFc4SXYzS0Z2aWI2TEZoR2Z0VVpqblNpM1NuV1QyemtaMkN3Unl0YTQwc0U4X0ZybGZRZGNRRE0zSUxVYVVtb1VONXdQZm5qYUJLRmRJa1dTN0xRd0RuLUdfRTg2Z1N6QzlNTkJla2hUMnlrQnFia2xPeFZzWFZ4T2F5QW1Xdi1WT0JwcnJGMy10X3RzTDRkR0NKaDFhUWpuSjZ3dnZjMGdSckFhaEZGOHlIc1ZZSTNWOGhwMXdYRzJnc185STQwLVFuLTd6M2ljcVFvb1BzSUE?oc=5
974,974,G1,Avanço da Estiagem: baixo volume de chuvas preocupa especialistas e produtores,Avanço da Estiagem: baixo volume de chuvas preocupa especialistas e produtores&nbsp;&nbsp;G1,2026-05-12 23:07:06,https://news.google.com/rss/articles/CBMi8gFBVV95cUxOVGN3Zk9MckRHaDl1TlVHeEdUMmxwWnl6TDltMjhQekdEV1RpSGpVSnBZNU9uOW90NTFMUkJuMzRtbXJOZTJwa2NjQXBWNXBNdWkzS3ZLX2UwRTR6RW90R3o5N1pILUFkTXNGYnhZSEE3MGtUaFVnNlhub3FoMmZsclloMmlWQnh5QmpCcHVjZ3Q4YjJHcVh5QlEtSk1aQ0FyNy05dlJxY2x5eUxxZE0zMEFMSTRNMERlV1hkb3VMSEpHS0toZ2YxRy1ENjdncUZUWVBBSUNOUFNPdFpPNng5STJ0VDVyRGZQZTNBRmtSMkFhd9IB8gFBVV95cUxOVGN3Zk9MckRHaDl1TlVHeEdUMmxwWnl6TDltMjhQekdEV1RpSGpVSnBZNU9uOW90NTFMUkJuMzRtbXJOZTJwa2NjQXBWNXBNdWkzS3ZLX2UwRTR6RW90R3o5N1pILUFkTXNGYnhZSEE3MGtUaFVnNlhub3FoMmZsclloMmlWQnh5QmpCcHVjZ3Q4YjJHcVh5QlEtSk1aQ0FyNy05dlJxY2x5eUxxZE0zMEFMSTRNMERlV1hkb3VMSEpHS0toZ2YxRy1ENjdncUZUWVBBSUNOUFNPdFpPNng5STJ0VDVyRGZQZTNBRmtSMkFhdw?oc=5
735,735,Joven Pan,Jovem Pan apoia campanhas de doações para famílias vítimas das chuvas no litoral de SP; saiba como ajudar,"Cruz Vermelha, Fundo Social de São Paulo e Central Única das Favelas são algumas das instituições atuando na questão; ao todo, 2,5 mil pessoas estão desalojadas ou desabrigadas na região após os deslizamentos de terra e desabamentos de imóveis ocorridos",2023-02-22 07:51:00,https://jovempan.com.br/noticias/brasil/jovem-pan-apoia-campanhas-de-doacoes-para-familias-vitimas-das-chuvas-no-litoral-de-sp-saiba-como-ajudar.html
854,854,Joven Pan,"Tragédia em Petrópolis aconteceu por falta de interesse político, afirma pesquisador da USP","Segundo Paulo Artaxo, havia recursos disponíveis para prevenir situações como a que ocorreu, mas não foram utilizados pela prefeitura",2022-02-17 10:12:00,https://jovempan.com.br/programas/jornal-da-manha/tragedia-em-petropolis-aconteceu-por-falta-de-interesse-politico-afirma-pesquisador-da-usp.html
1087,1087,G1,"'Só via na televisão, é muito difícil', diz vítima de enchente em Ribeirão","'Só via na televisão, é muito difícil', diz vítima de enchente em Ribeirão&nbsp;&nbsp;G1",2013-12-10 08:00:00,https://news.google.com/rss/articles/CBMi1gFBVV95cUxOR1dreTVaS1M5QV82Z2pxMHJ5bkZfcFNtZmtleklfMnpTcnhRYnhMSTRYMXFya1M4QUtMQW93M01UaXNFMjVNcV8tcEVTbmJoYVVRTFFvNGd6blZUekxKTVNFVHQybTNpT294TG1JcGNmQ3pYTWFpaTgyYlZRcmtHVW14dklENVgwMEVVanh6VlJ6d1JiZHF3YzBUdU5JRmdyTDlMc0xsazVUQ1FseEVOZF9HUmtXdWh1blJEOHBFSEdfSGN6QThRQUVJYk0wSENOODlQQVB3?oc=5
219,219,Joven Pan,Trecho da Rodovia Régis Bittencourt é interditado devido à chuva,"De acordo com a Arteris, concessionária responsável pela via, a pista sentido São Paulo está fechada e o fluxo está sendo desviado por dentro de Itapecerica",2025-03-23 19:41:00,https://jovempan.com.br/noticias/brasil/trecho-da-rodovia-regis-bittencourt-e-interditado-devido-a-chuva.html
641,641,Joven Pan,Eduardo Leite anuncia R$ 1 bilhão em medidas emergenciais para afetados por ciclone no RS,Governador também enviará R$ 20 milhões para o restabelecimento dos sistemas de saúde de municípios atingidos; mais de 11 mil pessoas estão desalojadas,2023-09-08 19:47:00,https://jovempan.com.br/noticias/brasil/governo-do-rs-monta-gabinete-para-reconstrucao-pos-enchente.html
1,1,Joven Pan,Inmet emite alerta de perigo para chuvas intensas em áreas da Região Norte,A previsão do Inmet é de chuva entre 30 e 60 milímetros (mm) e ventos que podem chegar a 100 quilômetros por hora (km/h),2026-05-03 16:35:00,https://jovempan.com.br/noticias/brasil/inmet-emite-alerta-de-perigo-para-chuvas-intensas-em-areas-da-regiao-norte.html
1007,1007,G1,"Guajará e Ipixuna decretam situação de Emergência por enchente, no AM","Guajará e Ipixuna decretam situação de Emergência por enchente, no AM&nbsp;&nbsp;G1",2017-02-03 08:00:00,https://news.google.com/rss/articles/CBMivwFBVV95cUxNeXZsUG52dFBGUmFBaHlHWWZ2UjBkTzFMWXhDY2cySE54Q0lsc1p4MzF5U0M5TFJJLXMzMUloNWQ3UWthc3JzRG5VMGVIbUozMGZ2QUJZZ1ZEUVRSRUlxeDcyandVZmNlTndsSXYtLU9QUy0yNklGdVhzank3Y2pYMlRoTmFUVldGMjVHZHJVRHplRk5waDFLenF3RW5EMDdMN09MZ25MbTJTekVpaXZBVVoyU2R0Q0dEY2hLMENTa9IBvgFBVV95cUxOOG5qR1RoUmlrQ0pWa3N0akpBbDd3bTgwYWtKY2VQZHhHWU1qaldmTUM3dUx6czNGVG5DRzVMMnlic25WN09KbHVDSU9BOV81VzNBcFcxOVR6cVdUU2NRMkdILWZ3NVIzbHJEX2NvN05LdUxVNGZVaGRqbkFLcktWUUFNbG9CbXVKMUw5cGE5TGxPaGNpVXhfa05aY3VGVm9RMlQ4RGxvYUZPQ1J5QWdzcHdGVXFnZ1lReVZGZDBB?oc=5
1015,1015,G1,Adolescente queimada com garfo após 'confessar traição' recebe alta,Adolescente queimada com garfo após 'confessar traição' recebe alta&nbsp;&nbsp;G1,2016-09-28 07:00:00,https://news.google.com/rss/articles/CBMizwFBVV95cUxNbnFRT0dhcGpxTnhtelNvUXBRYXFiYmp1Ym5HZ2pNZUlubUZtVXMtNE0tTTNySmZxZ21SWkZiQWt1RU9rSk52SG96cU05M3k0SjREV3pIZFZBUU5yNnNOaWYtaEJoLUtGXzNBbHNZSk80TFZPUmNaUC1TLVVGTGNlWDBqc2prbFR0SEhHWHh3bE54NndDZ2NBdUJUS01KemZ4N3NENi1aQngzdmRBa2NwcDNSU2tmR1N3NWhSN0hOWTdmUVJJN3ZqNU9WUG5qMVnSAc4BQVVfeXFMTVVUMUJCN1l6NGtmSTFWOEIxRnYwZkdseDB6SjIwRC02YzBFV2I4RVpuSGxSMm9yTnZWc1llS3g3WHo3Z2k0UHlMRHBnWTBUQTRqdDBWVE85TXAtVmRSMXVid0ZwYnZmNXpPdTc5NXl4Z1h6U1VuaEs0Q1BmVUdMQlQ0ZXJBTUxoMnY0WURmajRncnlaTU9jdkJDOXJzZDlkd3pFNlFlS1dWQ0pWdkl6RE4xYV8tUlRIeGlWNWpqaG16TEJoWC1jNHk1SmNueUE?oc=5
80,80,Joven Pan,São Paulo emite alerta para tempestade nesta terça-feira,"Há possibilidade de ventos de até 100 km/hora, queda de granizo, derrubada de árvores, alagamentos e corte de energia elétrica; aviso de onda de calor permanece em nível vermelho e abrange todo o estado",2025-12-30 11:38:00,https://jovempan.com.br/noticias/brasil/sao-paulo-emite-alerta-para-tempestade-nesta-terca-feira.html
624,624,Joven Pan,São Paulo entra em estado de atenção para alagamentos devido a fortes chuvas,"Previsão para a próxima quinta-feira, 5, é de instabilidade com possibilidade de pancadas durante todo o dia na região metropolitana",2023-10-04 18:12:00,https://jovempan.com.br/noticias/brasil/sao-paulo-entra-em-estado-de-atencao-para-alagamentos-devido-a-fortes-chuvas.html
1041,1041,G1,"Após temporal, lojas criam 'Black Enchente' para amenizar prejuízos","Após temporal, lojas criam 'Black Enchente' para amenizar prejuízos&nbsp;&nbsp;G1",2015-11-25 08:00:00,https://news.google.com/rss/articles/CBMixgFBVV95cUxQdXkxM3JGLTVBdERQV0ZRSDVoMFl6czkza0pVM0dEYmlIZURaTXFoRkZxcUQtLUpIZkhiaDQ4TDM5LUFGNXpWOTJCZmNBOEd4am8tajBONGVab1RNZEZ5TWpyR3RNNFd0WVptMlZJeHI5RlNxZGUyTWhJV0RybENyeHNsQkw2eTRuSHZvY0w1MjF1eE9mNThLWUZ4Y2VQN2FXZHdral9DYUxrYk1wM0x6cmV5NUIxdGpwb0laU2NHVjhLelZlaUE?oc=5
962,962,Joven Pan,Chuvas fortes causam alagamentos em SP e cidade entra em estado de atenção,"Segundo a Prefeitura, novas áreas de chuva que atuam no interior seguem em direção à capital",2021-02-11 15:21:00,https://jovempan.com.br/noticias/brasil/chuvas-fortes-causam-alagamentos-em-sp-e-cidade-entra-em-estado-de-atencao.html
386,386,Joven Pan,Aneel alerta sobre aumento nas tarifas de energia devido à seca severa no Brasil,"Diretor-geral da empresa, Sandoval Feitosa, destacou que 2023 foi o ano mais quente já registrado e que 2024 pode superar esse recorde",2024-09-21 10:00:00,https://jovempan.com.br/noticias/brasil/aneel-alerta-sobre-aumento-nas-tarifas-de-energia-devido-a-seca-severa-no-brasil.html
1141,1141,Folha de S.Paulo,População ajuda a limpar Pinhais após enchente,População ajuda a limpar Pinhais após enchente&nbsp;&nbsp;Folha de S.Paulo,1995-02-06 08:00:00,https://news.google.com/rss/articles/CBMibkFVX3lxTE9LS3VhZjNzOGpJcDV5WE5yTDZZa0RncWNKMVQ4d1RZMDZpWWhMbi1hUWVsQmFoeW1ub0pjU2tLbG9SWk01Z2E2RW1JOW1NU2hONHNJTFRfVkpwZ0pCenRXMFdRcUZua3ZZTVp1eWVB?oc=5
806,806,Joven Pan,Recife cancela São João e festas juninas; verba será destinada aos atingidos pelas chuvas,"Segundo prefeito João Campos, R$ 15 milhões serão utilizados para incrementar ‘ações direcionadas às famílias’; cerca de 3.500 moradores estão em abrigos no município",2022-05-30 11:11:00,https://jovempan.com.br/noticias/brasil/recife-cancela-sao-joao-e-festas-juninas-verba-sera-destinada-aos-atingidos-pelas-chuvas.html
509,509,Joven Pan,"Chuvas chegam a Santa Catarina, causam estragos e deixam um morto","Fortes chuvas em Santa Catarina deixam um morto, feridos e desabrigados. Tornado também é registrado, causando estragos",2024-05-03 14:02:00,https://jovempan.com.br/noticias/brasil/chuvas-causam-estragos-e-deixam-morto-em-santa-catarina.html
267,267,Joven Pan,Chuvas intensas deixam 22 cidades de Mato Grosso em estado de emergência,Danos incluem a destruição de pontes e o comprometimento de estradas e moradias,2025-01-21 22:34:00,https://jovempan.com.br/noticias/brasil/chuvas-intensas-deixam-22-cidades-de-mato-grosso-em-estado-de-emergencia.html
1039,1039,G1,Mulher queimada com ácido pelo ex tem alta após 10 meses em Joinville,Mulher queimada com ácido pelo ex tem alta após 10 meses em Joinville&nbsp;&nbsp;G1,2015-12-11 08:00:00,https://news.google.com/rss/articles/CBMiyAFBVV95cUxOTU42SFNxYzVsU1JFMzdYa19qWHJ0OUlPVXNQeEEzMzdUdTZsMzRaVzIxWURLdkUtTE94MDIzTXNRNThpWWVCd2JiWjctUHdiZE9UNGxQbDVIVzBRS0o0aDBVRWI5Yk50YjFfY1RpV2FPcHVJal9RQlFLeVpxQ3pUdVF4WHhaTjVaMlRBWWc5R2Z4cUI2dFRPeTBveC1JVkNBZU84Rk00ZHBTRVpaeHJxUkNPQWxDLU1fcDNwVUxlRjhxdkdiOC1Eaw?oc=5
441,441,Joven Pan,Estação Rodoviária de Porto Alegre volta a funcionar após ser fechada por causa de tragédia no RS,"Retomada dos serviços no endereço oficial atenderá 116 municípios do estado, com cerca de 90 horários diários",2024-06-07 16:55:00,https://jovempan.com.br/noticias/brasil/estacao-rodoviaria-de-porto-alegre-volta-a-funcionar-apos-ser-fechada-por-causa-de-tragedia-no-rs.html
496,496,Joven Pan,Pedro Scooby aciona amigos e vai para o Rio Grande do Sul ajudar as vítimas das chuvas,"Grupo de surfistas e socorristas levará alimentos, carros de grande porte e jet-skis: ‘Já estão indicando para a gente os lugares mais necessitados’",2024-05-06 13:07:00,https://jovempan.com.br/noticias/brasil/pedro-scooby-aciona-amigos-e-vai-para-o-rio-grande-do-sul-ajudar-as-vitimas-das-chuvas.html
829,829,Joven Pan,Chuvas no Estado do Rio de Janeiro deixam 16 mortos e pelo menos oito desaparecidos,"Cidades ficaram alagadas, e muitos moradores perderam casas, carros, móveis e eletrodomésticos; Angra dos Reis e Paraty foram os municípios mais castigados",2022-04-02 17:30:00,https://jovempan.com.br/noticias/brasil/bombeiros-encontram-mais-tres-corpos-em-angra-dos-reis-e-vitimas-das-chuvas-no-rj-chegam-a-13.html
112,112,Joven Pan,Defesa Civil emite alerta para tempestades e risco de deslizamentos em São Paulo,"Passagem de sistema meteorológico pela costa deve provocar chuvas volumosas, raios e granizo; Litoral Norte, Vale do Paraíba e Capital têm previsão de acumulados ‘muito altos’",2025-11-23 07:35:00,https://jovempan.com.br/noticias/brasil/defesa-civil-emite-alerta-para-tempestades-e-risco-de-deslizamentos-em-sao-paulo.html
691,691,Joven Pan,Chuvas fortes deixam 64 cidades no Maranhão em estado de emergência,"De acordo com o Corpo de Bombeiros, 35.894 famílias foram afetadas pelas inundações e 7.757 estão desabrigadas e desalojadas",2023-04-08 07:57:00,https://jovempan.com.br/programas/jornal-da-manha/chuvas-fortes-deixam-64-cidades-no-maranhao-em-estado-de-emergencia.html
232,232,Joven Pan,Chances de chuvas são baixas no Sudeste do Brasil,"Mapa de precipitações destaca áreas de tempo firme desde o oeste da Bahia até o Triângulo Mineiro, com temperaturas elevadas e umidade relativa do ar abaixo do ideal",2025-03-06 08:55:00,https://jovempan.com.br/programas/jornal-da-manha/chances-de-chuvas-sao-baixas-no-sudeste-do-brasil.html
471,471,Joven Pan,Quase 12 mil animais já foram resgatados das enchentes no RS,ONGs e voluntários estão na linha de frente desde o início das chuvas para salvar os bichos,2024-05-16 20:08:00,https://jovempan.com.br/noticias/brasil/quase-12-mil-animais-ja-foram-resgatados-das-enchentes-no-rs.html
607,607,Joven Pan,Chuvas causam queda de energia no Aeroporto de Congonhas,Jato executivo derrapou em razão da pista molhada e afetou sistema de pousos e decolagens do terminal; não houve feridos,2023-11-03 19:02:00,https://jovempan.com.br/noticias/brasil/chuvas-causam-queda-de-energia-no-aeroporto-de-congonhas.html
671,671,Joven Pan,"Ciclone provoca ventos de mais de 120 km/h, inundações e falta de energia para milhares no Sul do país",RS tem 468 mil pontos sem luz; ventos na cidade catarinense de Bom Jesus da Serra chegaram a 127 km/h,2023-07-13 08:40:00,https://jovempan.com.br/noticias/brasil/ciclone-provoca-ventos-de-mais-de-120-km-h-inundacoes-e-falta-de-energia-para-milhares-no-sul-do-pais.html
373,373,Joven Pan,Chuvas intensas atingirão 17 estados brasileiros até o fim de semana,"Previsão para o mês de outubro indica que as precipitações devem se intensificar em diversas áreas do Brasil, com acumulados que podem ultrapassar 200mm em algumas localidades do Sul",2024-10-11 07:21:00,https://jovempan.com.br/noticias/brasil/chuvas-intensas-atingirao-17-estados-brasileiros-ate-o-fim-de-semana.html
826,826,Joven Pan,Justiça dá prazo para prefeitura de São Paulo apresentar novo plano contra enchentes,Decisão atende a um pedido do Ministério Público; em março deste ano a cidade foi castigada pelas fortes chuvas e um jovem morreu ao ser levado pelas águas do rio Aricanduva,2022-04-07 12:05:00,https://jovempan.com.br/programas/jornal-da-manha/justica-da-prazo-para-prefeitura-de-sao-paulo-apresentar-novo-plano-contra-enchentes.html
663,663,Joven Pan,Vereador do Maranhão promove ‘chuva de dinheiro’ e acusa prefeito de suborno,Sababá Filho disse que José Bonifácio Rocha de Jesus tentou comprar sua vaga na Câmara; gestor do município de Cândido Mendes nega acusação e diz que adversário gosta de ‘criar espetáculos’,2023-08-04 17:13:00,https://jovempan.com.br/noticias/brasil/vereador-do-maranhao-promove-chuva-de-dinheiro-e-acusa-prefeito-de-suborno.html
1137,1137,Folha de S.Paulo,Fuligem de queimada de cana causa câncer,Fuligem de queimada de cana causa câncer&nbsp;&nbsp;Folha de S.Paulo,1997-08-14 07:00:00,https://news.google.com/rss/articles/CBMiZkFVX3lxTFBtVXJMME9XNUhHSmV5NjZZTjNaQWFLQ3JKRDR3WmFRXzB0ODl1aUR0YUh4S0IzcnBLOTFaYUlZaFlMaW1sRndEMm5RSDdPenNYTVFaSTNoYVgwa1VaX3Vaa1FsckVsZw?oc=5
233,233,Joven Pan,Chuvas de granizo causam danos em carros alegóricos das escolas de samba de São Paulo,"Acadêmicos do Tucuruvi, uma das agremiações afetadas, relatou prejuízos consideráveis, mas garantiu que manterá seu cronograma e estará pronta para o desfile",2025-02-27 23:48:00,https://jovempan.com.br/noticias/brasil/carnaval-2025/chuvas-de-granizo-causam-danos-em-carros-alegoricos-das-escolas-de-samba-de-sao-paulo.html
818,818,Joven Pan,Comissão especial do Senado vota relatório final da tragédia de Petrópolis nesta quinta,Documento traz 95 recomendações que podem ajudar a reverter os estragos que aconteceram na cidade e minimizar riscos de novas tragédias,2022-05-12 09:14:00,https://jovempan.com.br/programas/jornal-da-manha/comissao-especial-do-senado-vota-relatorio-final-da-tragedia-de-petropolis-nesta-quinta.html
991,991,Folha de S.Paulo,Desastre natural: Terremoto mata 2.000 na Turquia,Desastre natural: Terremoto mata 2.000 na Turquia - 18/08/99&nbsp;&nbsp;Folha de S.Paulo,2018-06-17 02:00:45,https://news.google.com/rss/articles/CBMiZEFVX3lxTE9TSDRRRUNmWTdJendhLXZIM3QzbUhEcWY5aHpYX2hwOHJaVHd5ek9mS0NkTngyaE1tSXRuc3kwQ3NoRV9UOUxvSTBtYWZpYmxBd1dSN3NBRkNrR3BIc3ZKMkFIaXU?oc=5
676,676,Joven Pan,"Ciclone que atingirá o Sul deve ser mais intenso que o do mês passado, alerta Defesa Civil","Fenômeno deve chegar ao Brasil na tarde desta quarta-feira, 12, e provocará forte ventania, além de chuvas nos estados da região",2023-07-11 19:15:00,https://jovempan.com.br/noticias/brasil/ciclone-que-atingira-o-sul-deve-ser-mais-intenso-que-o-do-mes-passado-alerta-defesa-civil.html
317,317,Joven Pan,Chuvas dominam maior parte do Brasil nesta sexta,Primavera continua a trazer temperaturas elevadas e precipitações mais intensas durante a tarde,2024-12-13 08:45:00,https://jovempan.com.br/programas/jornal-da-manha/chuvas-dominam-maior-parte-do-brasil-nesta-sexta.html
648,648,Joven Pan,Caixa libera saque do FGTS para vítimas do ciclone no RS,"Valor máximo para retirada é de R$ R$ 6.220,00; Estado registrou 36 mortes e mais 2 mil desabrigados",2023-09-06 23:13:00,https://jovempan.com.br/noticias/economia/caixa-libera-saque-do-fgts-para-vitimas-do-ciclone-no-rs.html
410,410,Joven Pan,Lula afirma que muitas queimadas são propositais e são feitas em propriedades privadas,"Fala foi durante visita na Amazônia, na região de Tefé, nesta terça-feira (10)",2024-09-10 16:02:00,https://jovempan.com.br/noticias/brasil/lula-afirma-que-muitas-queimadas-sao-propositais-e-sao-feitas-em-propriedades-privadas.html
1078,1078,G1,"Vala para escoar enchente causa danos à reserva no ES, diz órgão","Vala para escoar enchente causa danos à reserva no ES, diz órgão - notícias em Espírito Santo&nbsp;&nbsp;G1",2014-02-27 08:00:00,https://news.google.com/rss/articles/CBMiugFBVV95cUxPSjdfaUZ0aWNqYTBMWldCN202SW8tcWpmZk1UTG5FN0hQM21LWU1oNnB2Zm5QUlpOUzBmSlB6SV9OM2YtaDlpd1Vlb1FsWWo1YlA2VjgtRGhHQWk1emtNM3k4VmRVUGtQSWh2UUJSazZ0RE81OHRPZV9lUjJlOHpyeDdfSVhCX0hmZ3JZSEV6eVVCT1Y2aHZ5RGJQYUtRbURCMGpZWkl4SHBOdFNyMXVYcVJ5V2tXUW1UbGc?oc=5
709,709,Joven Pan,Moradores do Brooklin reclamam de alagamentos durante chuvas em São Paulo,"Em denúncia enviada à Jovem Pan, morador relata situação e diz que vias ficam ‘intransitáveis’ quando chove no bairro da Zona Sul da capital paulista",2023-03-10 07:53:00,https://jovempan.com.br/programas/jornal-da-manha/moradores-do-brooklin-reclamam-de-alagamentos-durante-chuvas-em-sao-paulo.html
358,358,Joven Pan,Tempo em São Paulo se estabiliza com sol e chuvas isoladas até o fim de semana,"Semana ficará marcada por precipitações esparsas e sol entre nuvens, com temperatura máxima de 32°C e mínima de 15°C",2024-10-21 06:15:00,https://jovempan.com.br/noticias/brasil/tempo-em-sao-paulo-se-estabiliza-com-sol-e-chuvas-isoladas-ate-o-fim-de-semana.html
258,258,Joven Pan,São Paulo tem alerta para chuvas fortes até o próximo domingo; diretora da Defesa Civil explica,"Major PM Michele César alertou que as áreas mais preocupantes incluem o Vale do Paraíba, litoral norte, região metropolitana de SP e Sorocaba",2025-01-29 08:53:00,https://jovempan.com.br/programas/jornal-da-manha/sao-paulo-tem-alerta-para-chuvas-fortes-ate-o-proximo-domingo-diretora-da-defesa-civil-explica.html
744,744,Joven Pan,Comitiva federal visitará áreas afetadas por fortes chuvas no litoral de SP,"Ministro da Integração e do Desenvolvimento Regional, Waldez Góes, secretário nacional de Proteção e Defesa Civil, Wolnei Wolff e o presidente Lula visitarão a região nesta segunda-feira",2023-02-19 21:09:00,https://jovempan.com.br/noticias/brasil/comitiva-federal-visitara-areas-afetadas-por-fortes-chuvas-no-litoral-de-sp.html
972,972,G1,Governo Federal reconhece situação de emergência por estiagem em três municípios da Paraíba,Governo Federal reconhece situação de emergência por estiagem em três municípios da Paraíba&nbsp;&nbsp;G1,2026-05-13 12:45:19,https://news.google.com/rss/articles/CBMi8AFBVV95cUxPQ2stN2VqdUxNVm5WRldrbTg0cS03anphQkxFZm1HT1BNaVg5b014Mk0tRzZXOXVwMkFUMktsQmpIQ2c0emluUjVHQWtueFJqZndWeWx0ZmE4ZjZPelhPdHNjMnlNQThhaGdDa3FjX2pQaktNcU9JNG1NdXRBUVBWcXc2OEpUeVdKNl9udkJKTzk3RS1lbmo3ZzQ1WVFvd0VtSk56cDV3ZzlCeDVCV3BIMDZESkhva3RvaTNQd04xTVZkSU9WaXJHSGJtc19acy1kSEdHY05RRzdGVVE5UkIxMG1lWl9WNmVzTWNheFVCNETSAfABQVVfeXFMT0NrLTdlanVMTVZuVkZXa204NHEtN2p6YUJMRWZtR09QTWlYOW9NeDJNLUc2Vzl1cDJBVDJLbEJqSENnNHppblI1R0FrbnhSamZ3VnlsdGZhOGY2T3pYT3RzYzJ5TUE4YWhnQ2txY19qUGpLTXFPSTRtTXV0QVFQVnF3NjhKVHlXSjZfbnZCSk85N0UtZW5qN2c0NVlRb3dFbUpOenA1d2c5Qng1QldwSDA2REpIb2t0b2kzUHdOMU1WZElPVmlyR0hibXNfWnMtZEhHR2NOUUc3RlVROVJCMTBtZVpfVjZlc01jYXhVQjRE?oc=5
627,627,Joven Pan,Bombeiros buscam homem que caiu em córrego durante chuvas em São Paulo,"Homem caiu em córrego na zona leste na quarta-feira, 27, quando um temporal com chuva de granizo atingir a capital paulista",2023-09-29 11:31:00,https://jovempan.com.br/noticias/brasil/bombeiros-buscam-homem-que-caiu-em-corrego-durante-chuvas-em-sao-paulo.html
632,632,Joven Pan,Primavera começa neste sábado com promessa de altas temperaturas em todo o país e chuvas no Sul,"Com o prolongamento da onda de calor que se espalhou pelo país na última semana do inverno, diversas cidades do país deverão registrar temperaturas recorde neste fim de semana",2023-09-23 12:08:00,https://jovempan.com.br/noticias/brasil/primavera-comeca-neste-sabado-com-promessa-de-altas-temperaturas-em-todo-o-pais-e-chuvas-no-sul.html
999,999,Folha de S.Paulo,Chuva: Enchente faz carros boiarem na Anchieta,Chuva: Enchente faz carros boiarem na Anchieta - 07/12/2004&nbsp;&nbsp;Folha de S.Paulo,2018-06-07 02:26:41,https://news.google.com/rss/articles/CBMia0FVX3lxTE5KcDVGcGE2ZUtpYnJsRWVDOXZfc01xRW5OTTU2eDRFWFNPY0haTjg1UFZySDA0bHlnT0V0bnpPaFlxa2l0UDhLT1RXR3gzaEJ0ZGY1NjA0Yk04bE9RUFN4R2FDaDN6WDhSZzBN?oc=5
282,282,Joven Pan,Peruíbe decreta estado de emergência após fortes chuvas,"De acordo com a Defesa Civil, 442 pessoas estão desalojadas, com 137 famílias sendo temporariamente abrigadas em escolas municipais",2025-01-10 14:38:00,https://jovempan.com.br/programas/jornal-da-manha/peruibe-decreta-estado-de-emergencia-apos-fortes-chuvas.html
376,376,Joven Pan,Furacão Milton causa cancelamento de voos de companhias aéreas brasileiras,"Para amenizar os transtornos, a companhia aérea anunciou a criação de voos extras para o dia 12 de outubro",2024-10-09 17:44:00,https://jovempan.com.br/noticias/brasil/furacao-milton-causa-cancelamento-de-voos-de-companhias-aereas-brasileiras.html
384,384,Joven Pan,São Paulo registra número recorde de queimadas em 2024,"Período mais intenso ocorreu entre os dias 22 e 24 de agosto, quando foram registrados 2.621 focos, sendo 1.886 apenas no dia 23",2024-09-23 12:21:00,https://jovempan.com.br/noticias/brasil/sao-paulo-registra-numero-recorde-de-queimadas-em-2024.html
224,224,Joven Pan,São Paulo pode enfrentar fortes chuvas até quarta-feira,"Situação se intensifica com a chegada de uma frente fria, com acumulados que podem ultrapassar 60 mm em algumas áreas",2025-03-18 07:20:00,https://jovempan.com.br/noticias/brasil/sao-paulo-pode-enfrentar-fortes-chuvas-ate-quarta-feira.html
1113,1113,G1,"Chuva termina com estiagem de 65 dias em Assis, SP","Chuva termina com estiagem de 65 dias em Assis, SP&nbsp;&nbsp;G1",2012-09-13 07:00:00,https://news.google.com/rss/articles/CBMirAFBVV95cUxNUjRZRnRhTHpyaUlHLUkydmJfM0Uyc1Z5RF9ISS1zOWk3aTI3eFV0Y3U2M09Hc3RVd3hLRXRvLWpUek55TlFlMlhIdjhBSUJEaV9DWlpRZ2JMS29halN5QjZSRWFyd0NBbGduVzBoX293ZXlMNUNseGJGZDVFU1ZVTk5FajA0TWVkTHdEN3I0eTJaNkkyMEk1UWYzZnNERWJValU5UmFKbnBvbUJK?oc=5
1024,1024,G1,Leis para ajuda a vítimas de enchente em Suzano esperam regulamentação,Leis para ajuda a vítimas de enchente em Suzano esperam regulamentação&nbsp;&nbsp;G1,2016-04-11 07:00:00,https://news.google.com/rss/articles/CBMi0gFBVV95cUxPdGlrNUhZTEd1d0NoSjBna0J6LUJfaDljdnNPU2d1VFlDTnpQY1YwOTR6UUdRWjZUY2M2NkNlbllzY3A1MUl4QW04b3U2bEVYQVM5V21rVmZhRVFrc2VnUDk5Uks2cHI0MHd1bFpUSTVoTklsMjdieGtjRHNHb25ZN01yNTNmVGxJTjVnZVI2MlN1LUNuTkx5OFh6cndnaVdLOHhGOXNPYVJVd2NCaFB6MFBldFlTX3QtejBDSkE1REZXd2NYU2RPZlF2c3lEaFFuS3fSAdABQVVfeXFMTXh0cXF6WWlxblEyeFRaYkdhNndEY3R1R0FiamEyNF9DRUFDMWV2SENJWi14NnRHZklvQzdyM0dhVDVuTGJza25Ecjl6b3huU2JVVlY2ek9pVW5KOERkNFRsX2VaUjRZM1FILUJObFdZOVZqejRFWXBselluTUEzb2hOZjRjdUZUX0JSRDdLOFU4d0YyRldHck1OSWlCeXpXOTVJaHBkdzFBOWVPVzhUeXhkakFrdDZJaTU4ZjlPNzdTd1BOeWlxX0I0YXhCTlFyNQ?oc=5
472,472,Joven Pan,"Gisele Bündchen arrecada R$ 4,5 milhões para vítimas de enchentes no RS",Gaúcha tem usado suas redes sociais para pedir ajuda ao Estado brasileiro e incentivado as doações para instituições do sul,2024-05-16 17:29:00,https://jovempan.com.br/entretenimento/famosos/gisele-bundchen-arrecada-r-45-milhoes-para-vitimas-de-enchentes-no-rs.html
347,347,Joven Pan,"Temporal provoca alagamento, queda de árvores e falta de luz em Belo Horizonte","Segundo a Defesa Civil, em duas horas, choveu mais que o esperado para o mês inteiro em algumas regiões; a Cemig disse que está atuando com um reforço de equipes para normalizar a situação",2024-10-27 16:02:00,https://jovempan.com.br/noticias/brasil/temporal-provoca-alagamento-queda-de-arvores-e-falta-de-luz-em-belo-horizonte.html
505,505,Joven Pan,Enchente histórica em Porto Alegre afeta serviços públicos e deixa 4.000 residências sem água e luz,"Rio Guaíba chegou a 4,58 metros nesta sexta-feira e inundou centro histórico da capital gaúcha; energia elétrica foi cortada por recomendação das autoridades locais",2024-05-03 20:32:00,https://jovempan.com.br/noticias/brasil/enchente-historica-em-porto-alegre-afeta-servicos-publicos-e-deixa-4-000-residencias-sem-agua-e-luz.html
639,639,Joven Pan,"Número de mortos no RS sobe para 42 após passagem de ciclone, diz Defesa Civil","Ainda de acordo com o boleetim, 46 pessoas estão desaparecidas, sendo 30 em Muçum, oito em e outras oito em Arroio do Meio",2023-09-09 20:26:00,https://jovempan.com.br/noticias/brasil/numero-de-mortos-no-rs-sobe-para-42-apos-passagem-de-ciclone-diz-defesa-civil.html
1134,1134,Folha de S.Paulo,Enchente tira 13 mil de casa no oeste do RS,Enchente tira 13 mil de casa no oeste do RS&nbsp;&nbsp;Folha de S.Paulo,1997-10-22 07:00:00,https://news.google.com/rss/articles/CBMib0FVX3lxTFBpVUE3Z3lpQUdmZ254UXRjTWZuUlh6WVg4dGlVQ041aEwyak5wSUpkVThqS2tGVlRMb204eFZqcWMwaGZjQTNTNThveWdsSDNyT1ZTWWFxaGVOc2Riclk5WmlNczZfMGs2ajBIN1RuSQ?oc=5
1110,1110,G1,"São Luiz do Paraitinga cresceu dez anos após enchente, diz prefeita","São Luiz do Paraitinga cresceu dez anos após enchente, diz prefeita&nbsp;&nbsp;G1",2012-12-30 08:00:00,https://news.google.com/rss/articles/CBMizwFBVV95cUxNOHIwZUh6ZlNkbUpiWXNOdF9fVkRQOWxwM2E4ckt2eDI3NTB2MTE5NEdlMDdWVG5ra0VSOXBOM2NydGVkVnhvWThGcHFYcndpVlZOOWxISVBJdE1RdnRxaFQ0Wm5LZ1pzVmU3R3RFSWxHdzJUQmRJa1ZVeVctX1o2ei1KanVFMi1XYkNXTHZFNVVNclRVQVFPZ2wwYUlRN19IVEd6N1FrcjhkQkowWXZsa1ZyQkh2XzdmWTBETVFEalAyWFdwcFBnaUxTOGE0emM?oc=5
797,797,Joven Pan,Chuvas em Alagoas deixam seis mortos e afetam mais de 56 mil pessoas,"Governo de Alagoas já decretou situação de emergência em 51 municípios do Estado, entre eles Barra de São Miguel e Maceió; são 8.830 desabrigados e 47.651 desalojados",2022-07-04 15:01:00,https://jovempan.com.br/noticias/brasil/chuvas-em-alagoas-deixam-seis-mortos-e-afetam-mais-de-56-mil-pessoas.html
339,339,Joven Pan,"Enem 2024 traz questões sobre ‘Game of Thrones’, Racionais e tragédia de Mariana","Neste domingo (3), os candidatos fizeram as provas de Redação, Linguagens e Ciências Humana; no próximo, os estudantes encaram as questões de Matemática e Ciências da Natureza",2024-11-03 21:41:00,https://jovempan.com.br/entretenimento/enem-2024-traz-questoes-sobre-game-of-thrones-racionais-e-tragedia-de-mariana.html
555,555,Joven Pan,São Paulo tem alerta para chuva forte e granizo; RS terá ventos de até 100km/h e temporais,"Frente fria avança pelo país e traz condições climáticas diversas em todas as regiões nesta quarta-feira, 17",2024-01-17 08:52:00,https://jovempan.com.br/noticias/brasil/sao-paulo-tem-alerta-para-risco-de-chuva-forte-queda-de-granizo-e-transtornos.html
619,619,Joven Pan,Seca no Amazonas faz Rio Negro atingir menor nível em mais de cem anos,"Marca negativa é a pior desde que Instituto Nacional de Pesquisas da Amazônia começou a fazer a medição, há 120 anos",2023-10-16 15:22:00,https://jovempan.com.br/noticias/brasil/seca-no-amazonas-faz-rio-negro-atingir-menor-nivel-em-mais-de-cem-anos.html
27,27,Joven Pan,Inmet emite alerta laranja para ventos e tempestades no Sul e Sudeste,"No Rio Grande do Sul a chuva deve alcançar entre 50 e 10 milímetros por dia, com ventos que podem chegar a 100 quilômetros por hora",2026-03-07 11:39:00,https://jovempan.com.br/noticias/brasil/inmet-emite-alerta-laranja-para-ventos-e-tempestades-no-sul-e-sudeste.html
1012,1012,G1,Mulher queimada por ex em briga morre em hospital de Bauru,Mulher queimada por ex em briga morre em hospital de Bauru&nbsp;&nbsp;G1,2016-11-04 07:00:00,https://news.google.com/rss/articles/CBMiuAFBVV95cUxNX2VoRHlkWmNKdzE3UnZxclZfRVlGNHZSNGsyMHB4VlJaRF9yd1FzekxDSGMxUjJDZXp1OU1MUkVPOVk3a1ZiSTIySWplcmtWRlFxaWQ4bEdZMzFOVVluNkNMUnFMcFNONGlGOWx2clRjNGwtLTU3T3VOa2Z5bTBURHhQaXFkS0FiUTJPNkE0dmJHMkR6bXotVnhpWkJKeW1TNTI3b0tkZmZTcU0yS09KUXA5ZDRqT2NP0gG3AUFVX3lxTE1mM1ljd1luX2VFNFZuNl91UEEtSVlvUDlFR3BFYlN0MEpYUTY1a3JwM0lnTFVhS2I3Q0ppZEMzdGZjeHdZcktVa3l6X0Q2S3hYZUdjU3NMbTNmY1VEcXo3MHo5aXlfXzBRb2twMkhud1ZhRGJ3ci1DWDRvNHF6aS1jLUtabjdmN3JneXNMeUJVRmtuRE9vWlFiZVlzRVhCLXpwOVpCZnpPTjMtV19QVTZtSDJ5dllaYw?oc=5
645,645,Joven Pan,Rio Grande do Sul tem mais chuvas e alertas para inundações; 25 pessoas seguem desaparecidas,Escoamento dos rios que transbordaram e novas chuvas ameaçam inundar regiões que não foram afetadas pelo ciclone,2023-09-08 09:07:00,https://jovempan.com.br/noticias/brasil/rio-grande-do-sul-tem-alerta-para-mais-chuvas-e-inundacoes-25-pessoas-seguem-desaparecidas.html
952,952,Joven Pan,"Com escassez de chuvas para os próximos anos no Brasil, crise hídrica preocupa","Especialistas apontam que os reservatórios brasileiros podem não dar conta da demanda já em 2021; segundo o Ministério de Minas e Energia, o país enfrenta o período mais seco dos últimos 91 anos",2021-07-12 11:17:00,https://jovempan.com.br/programas/jornal-da-manha/com-escassez-de-chuvas-para-os-proximos-anos-no-brasil-crise-hidrica-preocupa.html
573,573,Joven Pan,Enel restabelece energia de 70% dos clientes afetados pela forte chuva que atingiu São Paulo,Rajadas de ventos de até 76km/h causaram queda de árvores e galhos danificando trechos da rede elétrica; municípios mais atingidos foram São Paulo e Santo André,2024-01-09 10:05:00,https://jovempan.com.br/noticias/brasil/enel-restabelece-energia-de-70-dos-clientes-afetado-pela-forte-chuva-que-atingiu-sao-paulo.html
556,556,Joven Pan,São Paulo entra em alerta de ‘perigo potencial’ para chuva intensa,"Acumulado na cidade já chegou a 136,4 mm, representando 53,2% do esperado para o mês; Rio de Janeiro, Região Norte e Sul do Brasil também vão ter instabilidades",2024-01-16 12:57:00,https://jovempan.com.br/noticias/brasil/sao-paulo-entra-em-alerta-de-perigo-potencial-para-chuva-intensa.html
681,681,Joven Pan,Ciclone se forma no litoral do Sudeste e sobe para o Nordeste; saiba o que pode acontecer,"Com deslocamento do sistema rumo ao Norte, São Paulo e Rio de Janeiro podem registrar recorde de frio nesta terça-feira",2023-07-03 16:03:00,https://jovempan.com.br/noticias/brasil/ciclone-se-forma-no-litoral-do-sudeste-e-sobe-para-o-nordeste-saiba-o-que-pode-acontecer.html
577,577,Joven Pan,Chuvas intensas devem causar transtornos no Sul e Sudeste nesta sexta-feira,Regiões vivem alerta de tempestade devido aos ventos úmidos e corredor de umidade associado à ZCAS,2024-01-04 21:05:00,https://jovempan.com.br/noticias/brasil/chuvas-intensas-devem-causar-transtornos-no-sul-e-sudeste-nesta-sexta-feira.html
795,795,Joven Pan,"Sem chuvas há 47 dias, São Paulo vive mês de julho mais quente da história","Segundo dados do CGE e do Inmet, mês de julho deste ano se tornou o mais quente desde o início das séries históricas dos órgãos",2022-07-28 11:47:00,https://jovempan.com.br/noticias/brasil/sem-chuvas-ha-47-dias-sao-paulo-vive-mes-de-julho-mais-quente-da-historia.html
85,85,Joven Pan,"Após recorde histórico para dezembro, sexta-feira em São Paulo terá máxima de 34ºC e chuva",Capital mantém calor intenso com previsão de trovoadas isoladas; interior registra temperaturas 5ºC acima da média e litoral chega a 31ºC,2025-12-26 08:37:00,https://jovempan.com.br/noticias/brasil/apos-recorde-historico-para-dezembro-sexta-feira-em-sao-paulo-tera-maxima-de-34oc-e-chuva.html
242,242,Joven Pan,Chuva em São Paulo faz Defesa Civil decretar atenção para alagamentos; moradores recebem alerta severo,"Segundo o CGE, as áreas de chuva se formaram em função do calor e a entrada da brisa marítima; há potencial para rajadas de vento e transbordamentos",2025-02-10 17:45:00,https://jovempan.com.br/noticias/brasil/chuva-em-sao-paulo-faz-defesa-civil-decretar-atencao-para-alagamentos-moradores-recebem-alerta-severo.html
698,698,Joven Pan,Estragos causados pelas chuvas deixam 1.532 municípios em situação de emergência no Brasil,Governo federal prepara um plano para conter as destruições provocadas pelos temporais,2023-03-27 22:53:00,https://jovempan.com.br/noticias/brasil/estragos-causados-pelas-chuvas-deixam-1-532-municipios-em-situacao-de-emergencia-no-brasil.html
838,838,Joven Pan,Tragédia em Petrópolis já causou 181 mortes; previsão é de mais chuvas nesta segunda,"Segundo a Polícia Civil, há registros de 126 pessoas que ainda estão desaparecidas",2022-02-21 08:25:00,https://jovempan.com.br/noticias/brasil/tragedia-em-petropolis-ja-causou-176-mortes-previsao-e-de-mais-chuvas-nesta-segunda.html
159,159,Joven Pan,São Paulo registra a tarde mais seca do ano,"De acordo com o Inmet, umidade relativa do ar medida chegou a 14%; valor está significativamente abaixo do mínimo recomendado pela Organização Mundial da Saúde, que é de 60%",2025-07-30 09:12:00,https://jovempan.com.br/programas/jornal-da-manha/sao-paulo-registra-a-tarde-mais-seca-do-ano.html
524,524,Joven Pan,Chuvas atingem sudeste do Brasil e deixam ao menos 12 mortos,"Rio de Janeiro e Espírito Santo foram as regiões mais afetadas; estado carioca contabiliza oito vítimas fatais, enquanto o capixaba soma quatro",2024-03-23 20:31:00,https://jovempan.com.br/noticias/brasil/chuvas-atingem-sudeste-do-brasil-e-deixam-ao-menos-12-mortos.html
35,35,Joven Pan,Juiz de Fora volta a registrar chuvas fortes; veja vídeos,"Município está em estado de calamidade desde a passagem de um temporal na Zona da Mata mineira, na segunda-feira (23)",2026-02-25 23:32:00,https://jovempan.com.br/noticias/brasil/juiz-de-fora-volta-a-registrar-chuvas-fortes-veja-videos.html
540,540,Joven Pan,Parte do muro do Cemitério do Araçá cai após forte chuva em São Paulo,A Defesa Civil afirmou que foram registrados 91mm acumulados de chuva nas últimas 12 horas em todo o Estado,2024-02-14 17:08:00,https://jovempan.com.br/noticias/brasil/parte-do-muro-do-cemiterio-do-araca-cai-apos-forte-chuva-em-sao-paulo.html
170,170,Joven Pan,Tragédias se repetem no Monte Rinjani: relembre acidentes antes da morte de Juliana Marins,"Entre 2020 e 2025, cinco pessoas já haviam perdido a vida no vulcão indonésio; terreno íngreme e trilhas desafiadoras elevam o risco de quedas",2025-06-24 19:06:00,https://jovempan.com.br/noticias/brasil/tragedias-se-repetem-no-monte-rinjani-relembre-acidentes-antes-da-morte-de-juliana-marins.html
654,654,Joven Pan,Rio Grande do Sul chega a 21 mortes em decorrência de ciclone,"Segundo a Defesa Civil, bombeiros encontraram 15 corpos em Muçum; Santa Catarina registrou um óbito",2023-09-05 16:29:00,https://jovempan.com.br/noticias/brasil/numero-de-mortes-apos-chuvas-no-rio-grande-do-sul-sobe-para-21.html
748,748,Joven Pan,Carnaval: Chuva forte afugenta foliões em São Paulo e causa alagamentos,Granizo caiu em algumas regiões da capital paulista; mais chuva é esperada para o domingo,2023-02-18 16:54:00,https://jovempan.com.br/noticias/brasil/carnaval-chuva-forte-afugenta-folioes-em-sao-paulo-e-causa-alagamentos.html
1056,1056,G1,Solidão emblemática de uma árvore em meio à queimada,Solidão emblemática de uma árvore em meio à queimada&nbsp;&nbsp;G1,2015-01-05 08:00:00,https://news.google.com/rss/articles/CBMi0gFBVV95cUxNSVhFY2d4Q1EzSUItdzMtYmlCUi1GWml0QmJPRERPZ2s4OFRWNTJtRGw1eGYxaFFraWlHeThfcUhybjJZNVlkZDN4UmZzclNBeDFzQThTRC1ZS3VBNGFoTlNEMlJDVDVUZGV3cHg2OFZyXzBuaV95SHdQTTFENGdHei1BbnZ3VzBtbFpIcDZ2VzZva2Vxd1VCWFdKVXZkYWlBc2Nia2QtNEFtcENRbnFzeUhteGxSdmVNWHlna2xpeHJPN2dIbnlycFNwc016ZlhOMFE?oc=5
484,484,Joven Pan,Morador de São Leopoldo se emociona ao falar sobre desastre no RS: ‘Perdi tudo’,Daniel Daut falou à reportagem da Jovem Pan News sobre luta para encontrar segurança para sua família nos andares superiores de edifícios próximos,2024-05-09 12:32:00,https://jovempan.com.br/programas/jornal-da-manha/morador-de-sao-leopoldo-se-emociona-ao-falar-sobre-desastre-no-rs-perdi-tudo.html
95,95,Joven Pan,"Fortes chuvas em Minas Gerais causam estragos, alagamentos e abrem cratera",Juiz de Fora registra acumulado superior a 100 mm; temporais também atingem Santa Luzia e provocam interdições em rodovias do estado devido a quedas de árvores,2025-12-16 10:41:00,https://jovempan.com.br/programas/jornal-da-manha/fortes-chuvas-em-minas-gerais-causam-estragos-alagamentos-e-abrem-cratera.html
1020,1020,G1,"Com seca, moradores dormem em filas e 'brigam' por água de carros-pipa","Com seca, moradores dormem em filas e 'brigam' por água de carros-pipa&nbsp;&nbsp;G1",2016-06-17 07:00:00,https://news.google.com/rss/articles/CBMitgFBVV95cUxObG53WUwxcm9pUS1COWVUN0xDU3pfOEQxNDQ1eWFqLTlYb2Q1ZXR5U3pYZ0ZYeTBxQkE3SGRvQ0NDOUZvZjZwbmtBZ3BqWi1BMDUzMGVpdlZWdjAtR29obmlCOS1ucHNhLVRVVS13TVNmb0xwV1QwMURuQlNFZl9tam1rbjhRRDZISzJQVXJsM0NzdmhESzJrR2pGWDY3N2Zka1pEZUl0QmhzTm4xdW5EMkN4WnVRd9IBtAFBVV95cUxPczlMZU90b2xmalAtWnA4UFlERnRUbjdvZ3F6OWN4UUhRU0J0bmdVVzlFYnVxU3QzenBsYS0yanE2WVVNcWJFOGp1aEVQNWwzdHFBeDc1NXBiOWhtMzU2bWxld0hIeTluUU1VODk4ZjIyaTY0V1VxSzlFQjFsQzVMR3Q2T2U3bEdaWjJPYkhELUktc0tmTlNaNEdUYmJsQi14bGRERzQyTzR2ZVlydndLU0E4MU0?oc=5
563,563,Joven Pan,"Minas Gerais, Espírito Santo e Rio de Janeiro entram em alerta vermelho para chuvas intensas","Segundo o Inmet, 63 municípios estão em risco, com possibilidade de alagamentos, transbordamentos de rios e deslizamentos de encostas",2024-01-14 07:45:00,https://jovempan.com.br/noticias/brasil/minas-gerais-espirito-santo-e-rio-de-janeiro-entram-em-alerta-vermelho-para-chuvas-intensas.html
742,742,Joven Pan,"Após chuvas castigarem a cidade, prefeito de Ilhabela pede para população economizar água",Toninho Colucci ressaltou que ações preventivas ajudaram a minimizar os impactos causados pelo fenômeno da natureza; trânsito local e translado de balsas para acesso à ilha forma normalizados,2023-02-20 17:07:00,https://jovempan.com.br/noticias/brasil/apos-chuvas-castigarem-a-cidade-prefeito-de-ilhabela-pede-para-populacao-economizar-agua.html
863,863,Joven Pan,"Em 1 mês, São Paulo tem mais mortes por deslizamentos que em todo 2021",Investimento em prevenção pelo governo estadual foi menor do que a metade do previsto,2022-02-08 08:26:00,https://jovempan.com.br/programas/jornal-da-manha/em-1-mes-sao-paulo-tem-mais-mortes-por-deslizamentos-que-em-todo-2021.html
891,891,Joven Pan,"Afetado pelas chuvas, Estado de MG vive série de riscos para segurança das pessoas, diz coordenador da Defesa Civil","Previsão é que chuvas continuem atingindo a região nesta terça-feira, 11; avaliação é que cenário permanece crítico em 20% dos municípios, com riscos geológicos principalmente na região metropolitana de BH",2022-01-11 09:30:00,https://jovempan.com.br/programas/jornal-da-manha/afetado-pelas-chuvas-estado-de-mg-vive-serie-de-riscos-para-seguranca-das-pessoas-diz-coordenador-da-defesa-civil.html
206,206,Joven Pan,Angra dos Reis declara estado de emergência após intensas chuvas e deslizamentos,"Intensas chuvas em Angra dos Reis deixam 346 desalojados e provocam deslizamentos, levando a um estado de emergência na cidade.",2025-04-05 19:10:00,https://jovempan.com.br/noticias/brasil/angra-dos-reis-declara-estado-de-emergencia-apos-intensas-chuvas-e-deslizamentos.html
392,392,Joven Pan,Terra Indígena Karipuna de Rondônia tem cenário de incêndio e seca,Indígenas percebem invasores em seu território e entorno pegar fogo,2024-09-18 13:44:00,https://jovempan.com.br/noticias/brasil/terra-indigena-karipuna-de-rondonia-tem-cenario-de-incendio-e-seca.html
794,794,Joven Pan,"Escassez de chuva gera queda de água no Cantareira e nível chega a 36,4%",Taxa é a menor para o mês de julho dos últimos 7 anos,2022-07-29 16:39:00,https://jovempan.com.br/noticias/brasil/escassez-de-chuva-gera-queda-de-agua-no-cantareira-e-nivel-chega-a-364.html
870,870,Joven Pan,Sobe para 24 o número de mortos pelas chuvas no Estado de São Paulo,Defesa Civil confirmou mais três mortes em Franco da Rocha; corpos ainda estão sendo extraídos dos escombros pelas equipes de resgate,2022-01-31 17:02:00,https://jovempan.com.br/noticias/brasil/sobe-para-24-o-numero-de-mortos-pelas-chuvas-no-estado-de-sao-paulo.html
397,397,Joven Pan,SUS reforça apoio a estados afetados pela queimadas,"Nesta segunda-feira (16), o presidente se reunirá com a ministra do Meio Ambiente, Marina Silva, para discutir mais ações frente à emergência climática que o país vive",2024-09-16 09:15:00,https://jovempan.com.br/noticias/brasil/sus-reforca-apoio-a-estados-afetados-pela-queimadas.html
766,766,Joven Pan,Defesa Civil alerta para chuvas fortes em São Paulo a partir desta terça-feira,Regiões de Campinas e Sorocaba podem receber acumulado de 155 mm até sexta-feira,2022-12-26 22:28:00,https://jovempan.com.br/noticias/brasil/defesa-civil-alerta-para-chuvas-fortes-em-sao-paulo-a-partir-desta-terca-feira.html
1048,1048,G1,Homem usa ônibus para salvar mais de 100 cães de enchente no RS,Homem usa ônibus para salvar mais de 100 cães de enchente no RS - notícias em Rio Grande do Sul&nbsp;&nbsp;G1,2015-07-21 07:00:00,https://news.google.com/rss/articles/CBMixAFBVV95cUxPcnA1Y1dJZnZZS3E2OW12S040X3hDdTd4S2lTdkstU29mWnJ2dHFfSmc3WUVJZE1YZmtpb0ZoOFNFN2RfazhoR0ZDbURyNmRnMGUzUHdXaWlCeTRYaFlkeEVOSTJWQzRRVnM5Z01yV1dhbG9NLUZvdTNtRFh0SEpTVTJDN1RFcWNEN2h5alhENFNVaV9MRG9kZ09aREo5STNqNjlDYXA2RG56akhaQWt1bEhYV19MVVpBci1FaW5vUHp2V0t4?oc=5
1028,1028,G1,"Uma semana após enchente, Franco da Rocha tem lama e desabrigados","Uma semana após enchente, Franco da Rocha tem lama e desabrigados&nbsp;&nbsp;G1",2016-03-18 07:00:00,https://news.google.com/rss/articles/CBMitwFBVV95cUxPbTRVZ0N6RzZqWlNBQTJKejlMM2Y2TFJkV2ROMTFFaUdSSVVGWmI1dkktMzFMWnFJbnpTTF95MTRWdEhnN210QjFPNnFSbGVLTHFDQmFQVHVnUGhPaEpZTVdnTWZGTEI0dTBJOTNsREl0RFVOcUlnZnlvUHRfZzV0cVdRbnpRNlVOSkRNTHBJY2VuUVMyYnhUSHh4OGlsdF9UazNxNHd6eU0yY2VPSWNIZGZ6UHZRdGPSAbYBQVVfeXFMUDY3N25EWmxYOEVPc1hnb3NXU1NhVXdlYVhVOW04eFh2RDNWbVBoYzN4UnRZaHc2NF9JcUxjQ1N3RXFaZ0hYTDVfOHVHejVBWmlpNjI2WWNHeDI1V0JBSGJpWVpoRHdUNFRZYUYzYWkzaWduS2xxcVhXVTBkTmhySWR4MFNfY2k1amI5LTI3TF9CY2FCWkhVTmcwNEJyR21wbTRLTWpGbDlCakJ6MjN3ZXlaVFVKRWc?oc=5
642,642,Joven Pan,Governo federal anuncia auxílio de R$ 800 por pessoa desabrigada por tragédia no Rio Grande do Sul,"União também vai enviar 20 mil cestas de alimentos e kit de medicamentos para 15 mil pessoas; até o momento, Estado registra 41 mortes",2023-09-08 14:34:00,https://jovempan.com.br/noticias/brasil/governo-federal-anuncia-auxilio-de-r-800-por-pessoa-desabrigada-por-tragedia-no-rio-grande-do-sul.html
612,612,Joven Pan,Inmet alerta para perigo de chuvas intensas em várias regiões do Brasil,Formação de nova frente fria deve trazer tempestades e temperaturas mais baixas no Centro-Sul do país neste fim de semana,2023-10-28 10:50:00,https://jovempan.com.br/noticias/brasil/inmet-alerta-para-perigo-de-chuvas-intensas-em-varias-regioes-do-brasil.html
960,960,Joven Pan,"‘Há 17 anos não víamos um evento como esse’, afirma prefeito de Rio Branco sobre enchentes no Acre","Além da pandemia de Covid-19, estado também enfrenta surto de dengue e crise migratória; segundo Tião Bocalom, o governo federal tem sido solícito em relação aos problemas da cidade",2021-02-22 11:53:00,https://jovempan.com.br/noticias/brasil/ha-17-anos-nao-viamos-um-evento-como-esse-afirma-prefeito-de-rio-branco-sobre-crise-no-acre.html
725,725,Joven Pan,Mortes na tragédia do litoral norte de SP sobem para 59; seis pessoas estão desaparecidas,"De acordo com o governo do Estado de São Paulo, a prioridade segue no socorro às vítimas e no atendimento dos mais de 2.251 desalojados e 1.815 desabrigados",2023-02-25 19:36:00,https://jovempan.com.br/noticias/brasil/sobe-para-59-o-numero-de-mortos-apos-temporal-no-litoral-norte-de-sp.html
683,683,Joven Pan,Três pessoas morrem e 12 estão desaparecidas após ciclone atingir o Sul do país,Fenômeno também causou inundações e deslizamentos; autoridades suspendem aulas,2023-06-16 18:24:00,https://jovempan.com.br/noticias/brasil/tres-pessoas-morrem-e-12-estao-desaparecidas-apos-ciclone-atingir-o-sul-do-pais.html
98,98,Joven Pan,689 mil imóveis seguem sem luz após passagem de ciclone em SP,Vendaval de quarta-feira (10) trouxe rajadas de 98 km/h e revive crise de apagões na concessão; empresa mobiliza 1.600 equipes para reconstrução da rede,2025-12-12 07:02:00,https://jovempan.com.br/noticias/brasil/830-mil-imoveis-seguem-sem-luz-apos-passagem-de-ciclone-em-sp.html
804,804,Joven Pan,Bombeiros retomam buscas por 26 desaparecidos em PE após pausa por risco de deslizamento,Corporação afirma que pequenas paralisações no trabalho fazem parte da técnica de busca; previsão é de chuvas moderadas até a próxima sexta-feira,2022-05-31 09:19:00,https://jovempan.com.br/noticias/brasil/bombeiros-retomam-buscas-por-26-desaparecidos-em-pe-apos-pausa-por-risco-de-deslizamento.html
406,406,Joven Pan,Crise hídrica atinge cidades do interior paulista com mais de 150 dias sem chuvas,"São José do Rio Preto, por exemplo, desde 12 de abril não registrou precipitações relevantes, e entre 1º de janeiro e 11 de outubro, a quantidade de precipitação acumulada foi de apenas 635,5 mm",2024-09-11 20:57:00,https://jovempan.com.br/noticias/brasil/crise-hidrica-atinge-cidades-do-interior-paulista-com-mais-de-150-dias-sem-chuvas.html
502,502,Joven Pan,STF suspende prazos processuais no Rio Grande do Sul devido às enchentes,Medida visa assegurar que as partes envolvidas tenham tempo hábil para se reorganizarem diante da situação de emergência vivenciada no Estado,2024-05-05 07:39:00,https://jovempan.com.br/noticias/brasil/stf-suspende-prazos-processuais-no-rio-grande-do-sul-devido-as-enchentes.html
929,929,Joven Pan,Famosos se mobilizam para ajudar regiões afetadas pelas chuvas na Bahia,"Com mensagens de apoio, divulgação de pontos de doação e anúncio de atos beneficentes, influencers deram visibilidade para tragédia que deixou milhares de desabrigados",2021-12-27 10:19:00,https://jovempan.com.br/programas/jornal-da-manha/famosos-se-mobilizam-para-ajudar-regioes-afetadas-pelas-chuvas-na-bahia.html
779,779,Joven Pan,Buscas por desaparecidos em deslizamento na BR-376 entram no terceiro dia,Condições climáticas desfavoráveis e risco de novos deslizamentos dificultam a atuação das equipes de busca na região atingida,2022-12-01 08:21:00,https://jovempan.com.br/noticias/brasil/buscas-por-desaparecidos-em-deslizamento-na-br-376-entram-no-terceiro-dia.html
200,200,Joven Pan,Moradores começam a voltar para casa em Ubatuba após fortes chuvas que deixaram cidade alagada,"Defesa Civil está trabalhando na recuperação da ponte da Estrada da Folha Seca, e não será necessário criar um abrigo temporário para os desabrigados",2025-04-06 16:20:00,https://jovempan.com.br/noticias/brasil/moradores-comecam-a-voltar-para-casa-em-ubatuba-apos-fortes-chuvas-que-deixaram-cidade-alagada.html
134,134,Joven Pan,Frente fria traz risco de tempestades para a maior parte de São Paulo neste sábado,"Previsão do Instituto Nacional de Meteorologia indica chuvas intensas, ventos de até 100 km/h e queda de granizo para 590 cidades, incluindo a capital; há risco de alagamentos e queda de árvores",2025-10-18 09:49:00,https://jovempan.com.br/noticias/brasil/frente-fria-traz-risco-de-tempestades-para-a-maior-parte-de-sao-paulo-neste-sabado.html
1051,1051,G1,Criança morre queimada em incêndio no interior do AC,Criança morre queimada em incêndio no interior do AC&nbsp;&nbsp;G1,2015-04-13 07:00:00,https://news.google.com/rss/articles/CBMipAFBVV95cUxNRDJXaDhyQUx6UGRRMGRhSGFsSTBNYWtqOXhxLUVISGx5ZVhkcUFqQXI0clBwaUpZUVVvYjk1RWN6dGcwSnJHMW9nVmM5aExvbG1jc2lIaG9BWnA1TFc4MGJxVkNxWWd1NTJac0Y2eVc1OWt5bENzRUMxWEE3dWE1Mkx2TmxfaDVGTHRxb2Fxcm40ZlhHcW5WVzlJRS1pNW5qU2VyeA?oc=5
40,40,Joven Pan,Tempestade deixa mais de 300 pessoas desabrigadas no litoral de São Paulo,"Peruíbe é o município mais atingido, com 56 milímetros de água acumulados em um dia; não foram registradas vítimas",2026-02-24 11:22:00,https://jovempan.com.br/noticias/brasil/chuvas-litoral-sao-paulo.html
1017,1017,G1,Pastor que diz que Deus pune gays com desastres naturais tem casa destruída por inundação,Pastor que diz que Deus pune gays com desastres naturais tem casa destruída por inundação&nbsp;&nbsp;G1,2016-08-19 07:00:00,https://news.google.com/rss/articles/CBMi0wFBVV95cUxPdGRWQlZnQlVBRFA4VklPVExpMHg1QVE4TjF0eHB5SGdXcGt1Q01mVW1nNlBEcXVYeTVuQ3Z3SzRGdktTU2RyOTZwZjJXN2JXMUp6dUtYQmxoOFhkYUo2b2FkSGU5NjNzV3BUYzg2NHlIMkc4ZldWY3lHQjMySFZfZ050R3dPakZmdlU3UVFGQldVaFMtY2pDLUdIcFNzNExwNHlVeFpQSTgxTmRIaXRiYlV5bGdqc0tRZEgycVp1bEwxV2prOXk1M1Y2Z0FSU2lUZTlZ0gHSAUFVX3lxTE9iaDZxaFVHTWozX0o1Vi13QUxjM2ljclc1STlFSFBRRTB3dF9LTDlJU3lNeFM1TGpCdVZ1aXNvdHh0dlg1dWYwYWRubkxna2JMRkg4UU9nYmRyUjZMN3l3TEFRRWctYTgxX2EyV0ZxQnJwQVFla19sQmhLUTcxc2RHZ2xQS1dEX0JpNkM4NjhaRGtwZXhGQTgybVVNTnB3WlEtZy1LeUtlTHhIdEg0Q3FETm02S3hIc1ctLXhYQ0owSXptTEJrQjRudk1RbFdSc1VzUQ?oc=5
230,230,Joven Pan,Frente fria faz temperaturas caírem no Sul e causa chuvas fortes em São Paulo,"Calor está começando a diminuir no país, trazendo um alívio para as regiões afetadas pelo clima mais quente",2025-03-11 10:51:00,https://jovempan.com.br/noticias/brasil/frente-fria-faz-temperaturas-cairem-no-sul-e-causa-chuvas-fortes-em-sao-paulo.html
378,378,Joven Pan,Região Centro-Sul terá acumulado de chuva para esta semana,"No centro-oeste, as chuvas variam entre 25 e 40 mm, afetando principalmente áreas de Mato Grosso, enquanto Brasília e Goiânia permanecem sem precipitações",2024-10-07 10:18:00,https://jovempan.com.br/programas/jornal-da-manha/regiao-centro-sul-tera-acumulado-de-chuva-para-esta-semana.html
288,288,Joven Pan,Teto de supermercado em São Caetano desaba durante a chuva,"Estrutura colapsou sobre alguns veículos e não houve registro de feridos; Defesa Civil da região reportou ventos que chegaram a atingir 65 km/h, além de receber chamadas relacionadas a quedas de árvores",2025-01-07 19:44:00,https://jovempan.com.br/noticias/brasil/teto-de-supermercado-em-sao-caetano-desaba-durante-a-chuva.html
418,418,Joven Pan,Brasília enfrenta névoa densa por queimadas e seca prolongada,Há mais de 120 dias não chove no Distrito Federal; é o segundo dia consecutivo que a capital federal amanhece cinzenta,2024-08-26 16:39:00,https://jovempan.com.br/noticias/brasil/brasilia-enfrenta-nevoa-densa-por-queimadas-e-seca-prolongada.html
391,391,Joven Pan,"Sede da COP30, Pará decreta situação de emergência por causa das queimadas","Evento promovido pela Organização das Nações Unidas (ONU) será utilizado para debater justamente os incêndios e a seca, entre outros fenômenos climáticos",2024-09-18 14:12:00,https://jovempan.com.br/noticias/brasil/sede-da-cop30-para-decreta-situacao-de-emergencia-por-causa-das-queimadas.html
592,592,Joven Pan,Tarcísio promete reforçar estruturas contra desastres em São Paulo,"Com a previsão de temporais em diferentes municípios, governador destacou que o Estado investirá em ações preventivas",2023-11-19 10:05:00,https://jovempan.com.br/programas/jornal-da-manha/tarcisio-promete-reforcar-estruturas-contra-desastres-em-sao-paulo.html
647,647,Joven Pan,Sobe para 39 o número de mortos pelas chuvas no RS; 9 seguem desaparecidos,"Até o momento, 79 municípios foram afetados, 2,500 pessoas ficaram desabrigadas e 3.500 desalojadas; no total, foram resgatadas 2.745 vítimas",2023-09-07 11:54:00,https://jovempan.com.br/noticias/brasil/sobe-para-39-o-numero-de-mortos-pelas-chuvas-no-rs-9-seguem-desaparecidos.html
520,520,Joven Pan,Espírito Santo tem ao menos 20 mil desalojados por causa das chuvas,Previsão para os próximos dias é de mais temporal; número de mortos chegou a 20,2024-03-27 17:39:00,https://jovempan.com.br/noticias/brasil/espirito-santo-tem-ao-menos-20-mil-desalojados-por-causa-das-chuvas.html
64,64,Joven Pan,Chuvas fortes devem atingir SP novamente neste domingo,Frente fria deve derrubar as temperaturas a partir de segunda-feira (19),2026-01-18 10:57:00,https://jovempan.com.br/noticias/brasil/chuvas-fortes-devem-atingir-sp-novamente-neste-domingo.html
14,14,Joven Pan,Pane elétrica na chuva: entenda as causas e como evitar o problema,Análise técnica dos componentes vulneráveis à água e guia de manutenção preventiva para dirigir com segurança em alagamento,2026-04-19 03:50:00,https://jovempan.com.br/noticias/brasil/pane-eletrica-na-chuva-entenda-as-causas-e-como-evitar-o-problema.html
1064,1064,G1,"Enchente no ES contribuiu para seca no Rio Doce, diz engenheiro","Enchente no ES contribuiu para seca no Rio Doce, diz engenheiro - notícias em Espírito Santo&nbsp;&nbsp;G1",2014-10-11 07:00:00,https://news.google.com/rss/articles/CBMiugFBVV95cUxNU01hUkprbjlSczd5ZUJDSVMwYWxkQlRJTXlIM3owcTgybE9OR19NWmIxVnBqNHRjOVk5bU96NHdEbDNtNkJQaFh2SXdWZmFvVExYV0FqMWdjZU5HZXVVVEZYVmpscFljNmxpTEtGbzNGcmttRWlNT0RIVjU4OF96MGZqZDl3dEhvSDJkM3BvUlpwcWE4ZkZOd0FmUkVkT1lHSURXUWRRMkMzOXByVy1hRUFlZEFVWWY5amc?oc=5
492,492,Joven Pan,INSS anuncia antecipação de aposentadoria e outros benefícios para vítimas das enchentes no Rio Grande do Sul,"Medida prevê a liberação conjunta dos pagamentos referentes aos meses de maio e junho, começando no próximo dia 24; serão contemplados os moradores de municípios declarados em estado de calamidade pública",2024-05-07 14:37:00,https://jovempan.com.br/noticias/economia/inss-anuncia-antecipacao-de-aposentadoria-e-outros-beneficios-para-vitimas-das-enchentes-no-rio-grande-do-sul.html
379,379,Joven Pan,Defesa Civil de São Paulo alerta para risco de queimadas até quarta,"Para combater os incêndios, Estado conta com cerca de 15 mil agentes e 20 aeronaves",2024-10-01 08:36:00,https://jovempan.com.br/programas/jornal-da-manha/defesa-civil-de-sao-paulo-alerta-para-risco-de-queimadas-ate-quarta.html
187,187,Joven Pan,Duas regiões da cidade entram em estado de atenção para alagamentos por causa das chuvas em SP,"Região do Itaim Paulista, na zona leste, é uma das mais afetadas e recebeu alerta após o córrego que leva o nome do bairro transbordar",2025-04-25 16:33:00,https://jovempan.com.br/noticias/brasil/duas-regioes-da-cidade-entram-em-estado-de-atencao-para-alagamentos-por-causa-das-chuvas-em-sp.html
763,763,Joven Pan,Temporal provoca alagamento e morte em São Carlos,"Em um dia, choveu aproximadamente 200 mm, o que gerou diversos pontos de alagamento e interdição de vias; prefeitura ainda contabiliza prejuízos",2022-12-29 07:34:00,https://jovempan.com.br/programas/jornal-da-manha/temporal-provoca-alagamento-e-morte-em-sao-carlos.html
216,216,Joven Pan,"Chuva no Grande ABC alaga Avenida do Estado, invade casas e interrompe circulação de trens",A Linha 10-Turquesa da CPTM foi paralisada no trecho entre as estações Utinga e Mauá; carros ficaram submersos em diversos pontos das cidades da região,2025-03-31 18:26:00,https://jovempan.com.br/noticias/brasil/chuva-causa-estragos-no-grande-abc-e-deixa-sao-paulo-em-estado-de-atencao-para-alagamentos.html
791,791,Joven Pan,Polícia identifica corpo levado por enxurrada na tragédia de Petrópolis após seis meses,"Pedro Henrique Braga Gomes, de oito anos de idade, estava em um ônibus que foi arrastado pela correnteza",2022-09-02 07:45:00,https://jovempan.com.br/programas/jornal-da-manha/policia-identifica-corpo-levado-por-enxurrada-na-tragedia-de-petropolis.html
878,878,Joven Pan,"Após fortes chuvas, muro desaba e atinge apartamentos no Maranhão",Desabamento atingiu condomínio do programa ‘Minha Casa Minha Vida’ e deixou cerca de 80 famílias desabrigadas; autoridades avaliam riscos estruturais nos prédios,2022-01-28 07:15:00,https://jovempan.com.br/programas/jornal-da-manha/apos-fortes-chuvas-muro-desaba-e-atinge-apartamentos-no-maranhao.html
337,337,Joven Pan,Ciclone bomba se forma no Oceano Atlântico e pode atingir o Sul do Brasil na próxima semana,"Fenômeno meteorológico é esperado para trazer chuvas fortes e ventos intensos, especialmente na terça-feira (12)",2024-11-08 14:45:00,https://jovempan.com.br/noticias/brasil/ciclone-bomba-se-forma-no-oceano-atlantico-e-pode-atingir-o-sul-do-brasil-na-proxima-semana.html
719,719,Joven Pan,Novos deslizamentos em São Sebastião provocam três pontos de interdição na rodovia Rio-Santos,"Previsão do Corpo de Bombeiros é de que o fluxo de veículos seja retomado ainda nesta terça, com trabalhos de desobstrução realizados desde a madrugada",2023-02-28 07:27:00,https://jovempan.com.br/noticias/brasil/novos-deslizamentos-em-sao-sebastiao-provocam-tres-pontos-de-interdicao-na-rodovia-rio-santos.html
295,295,Joven Pan,São Paulo tem previsão de chuva forte com vento e granizo,"A tempestade atingiu a zona leste da capital, alcançando municípios da região metropolitana, como Caieiras, Franco da Rocha, Francisco Morato e Guarulhos; em Barueri, teto de um mercado desabou com a tempestade",2024-12-30 17:42:00,https://jovempan.com.br/noticias/brasil/sao-paulo-tem-previsao-de-chuva-forte-vento-e-granizo.html
1016,1016,G1,"Por risco de inundação, Defesa Civil de Sabará interdita casas","Por risco de inundação, Defesa Civil de Sabará interdita casas&nbsp;&nbsp;G1",2016-09-26 07:00:00,https://news.google.com/rss/articles/CBMitwFBVV95cUxNd1dNYnFjdTZkc3lsOXJGSVEtZW5nUDZFM0VQdGFYdnIyeXNTcldGWWVfX3dTNVdKTXY3Mno5WjUtdFBzOE5NbnhMZllIN3N1VXB1R2pJVExwWkNyVWhyVDBBSDJETmtXdzlfaVBrX1pGR2Nqa2h4S0hZNFktNDlFRWZLTmNNYW0zT1pFdVdEWmZyY3duYXFNQnlFSWdXbmNVX2JjdnItQjdhRnlkcGJoVWVydHB5OFHSAbYBQVVfeXFMTU1lOTFEMlRnQXIyQjlKODcxaE1Ed2JvSENxb1dYeGh0X2RTU3RTQUYxZm1CdHhMXzVTczZRRG5fSU5WUFl6bmlXamJIN3NMZVhvT3hHY1lDb0VuMUpMVW9MVFdxaG9YTDdJemlJT0RNTmI1bk00OUFPLVRVaWh6SnB0Q2VWekZYSkhvWlBoNW5jbFEtOUVmMHVoemN0WUt1X3F3WXpNZzgwaEsxX3BMVlBub2xwc1E?oc=5
455,455,Joven Pan,"Enchentes devem deixar 46,7 milhões de toneladas de entulho no Rio Grande do Sul","Estimativa da UFRGS, em parceria com a empresa Mox Debris, aponta que mais de 44% dos imóveis no Estado sofreram impactos dos alagamentos",2024-05-24 10:31:00,https://jovempan.com.br/programas/jornal-da-manha/enchentes-devem-deixar-467-milhoes-de-toneladas-de-entulho-no-rio-grande-do-sul.html
815,815,Joven Pan,"Chuva congelada, neve e mínimas históricas: Onda de frio chega ao Brasil com ‘perigo’ no Sul","Em São Paulo, mínima de 6ºC será registrada nesta quarta-feira, 18; produtores rurais de Minas Gerais, Goiás e do Mato Grosso devem sofrer com as baixas temperaturas",2022-05-17 09:29:00,https://jovempan.com.br/programas/jornal-da-manha/chuva-congelada-neve-e-minimas-historicas-onda-de-frio-chega-ao-brasil-com-perigo-no-sul.html
269,269,Joven Pan,Inmet emite alerta de perigo para chuvas intensas em São Paulo e mais 9 Estados,"Segundo o instituto, deve haver precipitação de 50 a 100 mm ao dia e ventos com intensidade entre 60 a 100 quilômetros por hora, provocando riscos de cortes de energia elétrica, queda de árvores e alagamentos",2025-01-18 18:48:00,https://jovempan.com.br/noticias/brasil/inmet-emite-alerta-de-perigo-para-chuvas-intensas-em-sao-paulo-e-mais-9-estados.html
995,995,Folha de S.Paulo,Personagens: Enchente é rotina em bairro de Sumaré (com foto),Personagens: Enchente é rotina em bairro de Sumaré (com foto) - 11/01/99&nbsp;&nbsp;Folha de S.Paulo,2018-06-08 07:06:23,https://news.google.com/rss/articles/CBMiaEFVX3lxTE1kQkpLN1dKYU1ONTBiaE55WlRFSHZNN0s2RHNVNTNHQzJuSGhmMHpONE5KMXR5ZGdkNnRaUGNBNDJnVi0yaGoxNDNFSDBRZTFDZlQ3dXhISU0zNTV2M3ViMVV2YmhNbnRp?oc=5
201,201,Joven Pan,Cabra fica presa em porta-malas de carro após alagamento em Petrópolis,O animal foi resgatado por bombeiros e devolvido ao dono,2025-04-06 09:42:00,https://jovempan.com.br/noticias/brasil/cabra-fica-presa-em-porta-malas-de-carro-apos-alagamento-em-petropolis.html
161,161,Joven Pan,"Temperaturas despencam em São Paulo, com chance de chuva a qualquer hora do dia",Mudança climática é resultado da passagem de uma frente fria pela costa das regiões Sul e Sudeste; capital paulista deve registrar temperaturas máximas de 23ºC,2025-07-25 09:19:00,https://jovempan.com.br/programas/jornal-da-manha/temperaturas-despencam-em-sao-paulo-com-chance-de-chuva-a-qualquer-hora-do-dia.html
729,729,Joven Pan,Governo de SP libera mais de R$ 350 milhões em crédito para afetados por chuvas no litoral norte,"Iniciativa beneficia microempreendedores, empresas, municípios e setor de Turismo",2023-02-23 22:08:00,https://jovempan.com.br/noticias/brasil/governo-de-sp-libera-mais-de-r-350-milhoes-em-credito-para-afetados-por-chuvas-no-litoral-norte.html
401,401,Joven Pan,"Por mais efetivo no combate às queimadas, Tarcísio paga extra para bombeiros de folga","Governador de São Paulo estuda medidas para ampliar frente de combate; nesta sexta-feira (13), ele se reúne com Marina Silva e Nídia Trindade",2024-09-13 10:20:00,https://jovempan.com.br/noticias/brasil/por-mais-efetivo-no-combate-a-queimadas-tarcisio-paga-extra-para-bombeiros-de-folga.html
702,702,Joven Pan,"Com apoio do G10 Favelas, vítimas das enchentes em SP recebem marmitas e doações","Em parceria com o projeto social Mãos de Maria a instituição iniciou, nesta terça-feira, 14, uma campanha para acolher a população da região do Jardim Pantanal",2023-03-15 14:45:00,https://jovempan.com.br/programas/jornal-da-manha/com-apoio-do-g10-favelas-vitimas-das-enchentes-em-sp-recebem-marmitas-e-doacoes.html
565,565,Joven Pan,Idoso morre em deslizamento de terra causado por chuvas em São Bernardo do Campo,incidente ocorreu durante a madrugada deste sábado,2024-01-13 08:37:00,https://jovempan.com.br/noticias/brasil/idoso-morre-em-deslizamento-de-terra-causado-por-chuvas-em-sao-bernardo-do-campo.html
1021,1021,G1,"Cerca de 70% da área de PE está sob seca extrema, aponta relatório","Cerca de 70% da área de PE está sob seca extrema, aponta relatório&nbsp;&nbsp;G1",2016-05-20 07:00:00,https://news.google.com/rss/articles/CBMiuAFBVV95cUxQU3lUX09fbU5SSU96QnRBMHZFNzhIZWlsaTk2eThUUWV3YnM2a0JtOHFLRjJGek9Ha0FaMWEtMjhtWHVUMEx3YTB4UGV3WE5kWWJzY2xuRk95bGM3Y0tfYU5NMWctcGQ4dDJreHBRdmljM3JTLWtYSHZvRWZ5aVdEZ0VheXZNd1h3QzFwb2VDM21jaUxoVzVsbjZYMHpYNGxjNS1rakdlT0lMR3R4ZnpKQmcxUXlFbnVN0gG3AUFVX3lxTE9SNWU2eElVamNMeUtDZWl3MkJHZ2lZYmFNQkVSU2EzSl9JajgxSXhVeWhvekJkYVV3M2VlSjl4NlpjZFpwVVkwN3k2V0RXR0NOdjdnbG9RbG9QbmV4c1dJb3JIcmRBSEZvRUJFN0VJa2MwN1VUdG9FZm9qb2FmVHZ5NkYyVmJ6a0dTbWFzOXJuS0Fmekg0X1VpN01XMnJrTTZLcHE3YWNfMGFQaVhoVmhOdVZOVVY2VQ?oc=5
1025,1025,G1,Faixa com proposta de brasiliense de 'caixinha' a ladrões é queimada,Faixa com proposta de brasiliense de 'caixinha' a ladrões é queimada&nbsp;&nbsp;G1,2016-03-30 07:00:00,https://news.google.com/rss/articles/CBMiwAFBVV95cUxPNDNNUFNYUVNJek1uWlR5akZkTDF4WGliNldXOWk2Sl9zRk51MjVrWkZrMTNYRnEwX0h3S2Y3ZGNLeERWbzhWYTkxMnZBOE9KSndraE1Ra2tUSV8tcVlTdHBaWmJ6N1NtVFFWdVFaallMN3RxeUNYNkxrUzc4YS1WdERWR2NnbFJtSEx2cjU3YVpNbUhDbnRPcDZtTDhQNXV1VFBSblJFVEYtUnJLU1pxQWZIaUlvejFzOGZraFRmTFjSAb8BQVVfeXFMUElLTmZpYU9mUVU3bG0tTWhMNVliRi05dHh4aXNaUHpxYXRkTG9NTWdVYktkYzdOQTdRemJTSWp5N0phM0xMMF84T1VxVXY4a0RRSEs4MmVQZlI5dWViMzZTZGpGWGN2Rk9fRk9ya3BVTlpZOU1NbHctdHByYkNmYWRiQ2EtbVpmUTBVX1dGT1lXNDFNcFEtNmxid0MyS0NqVVM1WDZQSVg1SXdQLWJmWFBZQXk1WlFjZ1BEVmdHblU?oc=5
205,205,Joven Pan,Chuvas intensas deixam moradores ilhados em Ubatuba,"Cidade registrou um total de 160 milímetros de precipitação nas últimas 24 horas, sendo 138 milímetros apenas nas últimas 12 horas, o que levou a Defesa Civil a emitir um alerta de severidade",2025-04-05 19:31:00,https://jovempan.com.br/noticias/brasil/chuvas-intensas-deixam-moradores-ilhados-em-ubatuba.html
34,34,Joven Pan,Chuvas deixam desabrigados e cenário de incerteza em Juiz de Fora,Mais de 3 mil pessoas estão sem moradia fixa desde segunda-feira (23),2026-02-26 06:33:00,https://jovempan.com.br/noticias/brasil/chuvas-deixam-desabrigados-e-cenario-de-incerteza-em-juiz-de-fora.html
775,775,Joven Pan,"Corpo de Bombeiros resgata corpo de segunda vítima fatal do deslizamento na BR-376, no Paraná","Até o momento, foram registrados dois óbitos decorrentes do acidente e seis pessoas foram resgatadas com vida; identidade da vítima permanece em sigilo em respeito à família",2022-12-01 19:40:00,https://jovempan.com.br/noticias/brasil/corpo-de-bombeiros-resgata-corpo-de-segunda-vitima-fatal-do-deslizamento-na-br-376-no-parana.html
508,508,Joven Pan,Governo adia ‘Enem dos Concursos’ devido às chuvas no Rio Grande do Sul,"Ministério da Gestão havia informado que provas seriam mantidas mesmo no Estado, mas mudou de ideia para não prejudicar nenhum candidato; nova data deve ser informada no prazo de suas semanas",2024-05-03 14:30:00,https://jovempan.com.br/noticias/brasil/governo-adia-enem-dos-concursos-devido-as-chuvas-no-rio-grande-do-sul.html
1125,1125,Folha de S.Paulo,"Após inundação, moradores de Teresina temem agora a enchente do outro rio","Após inundação, moradores de Teresina temem agora a enchente do outro rio&nbsp;&nbsp;Folha de S.Paulo",2009-05-09 07:00:00,https://news.google.com/rss/articles/CBMia0FVX3lxTFBEeGpNdXpYbkhFUFhkYS1mb1ZPLWY2Uml1dEJzX3dzOUliZWZydFVYR1RZX2hrWmg5NVVLdTZTbFh5REVacjRDUW9Mc0lLaVJEOHBxb3d0cjMwU2gzZHRhQ19PV0ZuYnlqTVZz?oc=5
91,91,Joven Pan,Rio de Janeiro amanhece alagado; Castro aciona Comitê de Chuvas,"Defesa Civil emitiu um alerta para o estado até a tarde desta quarta, com previsão de ventos moderados e fortes",2025-12-17 12:22:00,https://jovempan.com.br/noticias/brasil/rio-de-janeiro-amanhece-alagado-castro-aciona-comite-de-chuvas.html
897,897,Joven Pan,Polícia identifica primeira vítima da tragédia em Capitólio; mortos são de São Paulo e Minas Gerais,Todos os oito mortos estavam na mesma lancha e tinham entre 14 e 68 anos; duas pessoas ainda estão desaparecidas,2022-01-09 13:51:00,https://jovempan.com.br/noticias/brasil/policia-civil-identifica-um-dos-mortos-de-capitolio-todas-as-vitimas-estavam-na-mesma-lancha.html
564,564,Joven Pan,Chuvas em São Paulo deixam duas pessoas mortas; menino de seis anos foi levado pela enxurrada,"Capital paulista recebeu alerta para temporais nos próximos dias, com possibilidade de raios e intensas rajadas de vento",2024-01-13 20:32:00,https://jovempan.com.br/noticias/brasil/chuvas-em-sao-paulo-deixam-duas-pessoas-mortas-menino-de-seis-anos-foi-levado-pela-enxurrada.html
776,776,Joven Pan,"Chuvas afetam 32 cidades da Bahia e deixam mais de 3,6 mil desalojados","Climatempo alerta para novos temporais no Estado, com potencial para ‘alagamentos, transbordamentos e deslizamentos’",2022-12-01 17:40:00,https://jovempan.com.br/noticias/brasil/chuvas-afetam-32-cidades-da-bahia-e-deixam-mais-de-36-mil-desalojados.html
241,241,Joven Pan,Defesa Civil de São Paulo emite alerta para chuvas intensas,"Precipitações, previstas entre os dias 14 e 15 de fevereiro, devem atingir com mais intensidade a região leste do estado, incluindo a Grande São Paulo, o litoral, o Vale do Paraíba, além de Campinas e Sorocaba",2025-02-13 20:19:00,https://jovempan.com.br/noticias/brasil/defesa-civil-de-sao-paulo-emite-alerta-para-chuvas-intensas.html
13,13,Joven Pan,Brasil tem alertas de tempestade e baixa umidade nesta quarta-feira,"Norte e Nordeste estão sob alerta para chuvas intensas até quinta (23), com avisos laranja e amarelo do Inmet",2026-04-22 12:00:00,https://jovempan.com.br/noticias/brasil/brasil-tem-alertas-de-tempestade-e-baixa-umidade-nesta-quarta-feira.html
315,315,Joven Pan,Previsão do tempo indica chuva no Sul e no Sudeste nesta segunda,"Ciclone extratropical que passou pelo Rio Grande do Sul causou fortes temporais no Estado; em São Paulo, Rio de Janeiro e Minas Gerais também há expectativa de possíveis precipitações",2024-12-16 08:01:00,https://jovempan.com.br/programas/jornal-da-manha/previsao-do-tempo-emite-alerta-de-chuva-para-sul-e-sudeste-nesta-segunda.html
600,600,Joven Pan,"Temporal em São Paulo causa alagamentos, chuva de granizo e falta de energia","Cidade chegou a entrar em estado de atenção, mas situação foi apaziguada por volta das 21h30; Enel informou que está trabalhando para normalizar as operações",2023-11-15 22:39:00,https://jovempan.com.br/noticias/brasil/temporal-em-sao-paulo-causa-alagamentos-chuva-de-granizo-e-falta-de-energia.html
387,387,Joven Pan,Distrito Federal enfrenta a pior seca dos últimos 20 Anos,"Inmet emitiu alertas sobre o risco elevado de incêndios florestais, uma consequência direta da seca prolongada",2024-09-20 23:55:00,https://jovempan.com.br/noticias/brasil/distrito-federal-enfrenta-a-pior-seca-dos-ultimos-20-anos.html
166,166,Joven Pan,Tarcísio destaca obras da Defesa Civil para enfrentar desastres: ‘Trabalho apaixonado e silencioso’,"Pacote para municípios inclui contenção de riscos, equipamentos e veículos; desde a tragédia no litoral norte, governo paulista tem aumentado os investimentos",2025-07-02 10:14:00,https://jovempan.com.br/noticias/brasil/tarcisio-destaca-obras-da-defesa-civil-para-enfrentar-desastres-trabalho-apaixonado-e-silencioso.html
840,840,Joven Pan,Defesa Civil aciona sirene e previsão aponta novas chuvas em Petrópolis; 124 vítimas foram identificadas,Monitoramento de equipe técnica indica a possibilidade de ocorrer chuva moderada nas próximas horas,2022-02-20 18:50:00,https://jovempan.com.br/noticias/brasil/defesa-civil-aciona-sirene-e-previsao-aponta-novas-chuvas-em-petropolis-124-vitimas-foram-identificadas.html
20,20,Joven Pan,Chegada de ciclone e frente fria aumenta a chance de chuvas no país,Primeira semana do outono começa com mudanças no tempo em diferentes regiões,2026-03-24 11:54:00,https://jovempan.com.br/noticias/brasil/chegada-de-ciclone-e-frente-fria-aumenta-a-chance-de-chuvas-no-pais.html
646,646,Joven Pan,Número de mortos pelas chuvas no RS aumenta para 41; 25 estão desaparecidos,"Governo do Estado subiu o número de municípios afetados de 79 para 83 e pediu prioridade por doações de kits de higiene e itens de limpeza, além de cobertores e colchões",2023-09-07 19:14:00,https://jovempan.com.br/noticias/brasil/numero-de-mortos-pelas-chuvas-no-rs-aumenta-para-41-25-estao-desaparecidos.html
831,831,Joven Pan,Bombeiros encontram mais uma possível vítima das chuvas em Petrópolis,Corpo encontrado no Rio Piabanha pode ser de desaparecido do temporal de 15 de fevereiro,2022-03-24 23:28:00,https://jovempan.com.br/noticias/brasil/bombeiros-encontram-mais-uma-possivel-vitima-das-chuvas-em-petropolis.html
562,562,Joven Pan,"Após estragos causados pela chuva, Rio de Janeiro interdita Avenida Brasil e fecha estações do Metrô","Duas pessoas estão desaparecidas, e o Hospital Ronaldo Gazolla, em Acari, ficou alagado e sem energia; capital fluminense está no segundo nível mais alto de atenção",2024-01-14 09:32:00,https://jovempan.com.br/noticias/brasil/apos-estragos-causados-pela-chuva-rio-de-janeiro-interdita-avenida-brasil-e-fecha-estacoes-do-metro.html
1112,1112,G1,"Chuvas causam inundação em santuários de Lourdes, na França","Chuvas causam inundação em santuários de Lourdes, na França&nbsp;&nbsp;G1",2012-10-20 07:00:00,https://news.google.com/rss/articles/CBMiqgFBVV95cUxOSGtIak1WdHJaRFJpMVYwQ0RZTm9HTGtaX3ktN0Z2aEdCUUJvbUR0Uk5RZGktbFd1XzhqMXEtQURPTURucGdIZ3NleFdXOERURjQyc2RzZllaRm91cnJHUEhhMnF5X1N6YWxHUVdfZ0taaHVqZEJVODFvWHNwb2Q4cFE0T3k2UTZZZ0hVN21IUi13MU1vVTFDbnpoTjUtcTZyZWhKclA3WU5jUQ?oc=5
686,686,Joven Pan,"Fortes chuvas voltam a castigar áreas em São Sebastião, litoral norte de São Paulo",Cidade que foi atingida por fortes temporais em fevereiro registrou deslizamentos de terra e ruas alagadas; previsão é de que esse volume chegue a quase 180 mm de chuva,2023-06-14 07:10:00,https://jovempan.com.br/programas/jornal-da-manha/fortes-chuvas-voltam-a-castigar-areas-em-sao-sebastiao-litoral-norte-de-sao-paulo.html
957,957,Joven Pan,"Fortes chuvas causam alagamentos, prejuízos ao trânsito e acidente em São Paulo; veja imagens","Com exceção da Zona Sul, todas as regiões da capital entraram em estado de atenção na tarde desta sexta-feira, 19",2021-03-19 18:44:00,https://jovempan.com.br/noticias/brasil/fortes-chuvas-causam-alagamentos-prejuizos-ao-transito-e-acidente-em-sao-paulo.html
189,189,Joven Pan,Defesa Civil ativa gabinete de crise por risco de tempestades em SP,"Diante da previsão de chuvas fortes, ventos e granizo entre quinta (24) e sexta-feira (25), iniciativa visa minimizar possíveis transtornos nas regiões que podem ser afetadas, bem como alertar a população",2025-04-24 13:50:00,https://jovempan.com.br/programas/jornal-da-manha/defesa-civil-ativa-gabinete-de-crise-por-risco-de-tempestades-em-sp.html
975,975,G1,Quando volta a funcionar o aeromóvel de Porto Alegre? Operação está paralisada desde a enchente,Quando volta a funcionar o aeromóvel de Porto Alegre? Operação está paralisada desde a enchente&nbsp;&nbsp;G1,2026-05-12 16:19:42,https://news.google.com/rss/articles/CBMiggJBVV95cUxNWlllZGJrbk9BNlNFdmdxM0RvRjNZYU8tS1FDMnRKNE5aYjF2a3I0R244SXpVeFdRWHZ6M3d1VUVDTVNHSjYxU2V1OTJqWU95T08wZDJoUlNoamNwdUxfb0J4Ykc3WE9JRlJoTHVhNkR3OFowWlhCb2Vmd2pyLTRQcjNiSWpySE14WTQ2WFhOMFNwdXB2dnVvQ1A4Y2hXc2dLalRKanFrR2VDSHNyVUpyeTQ3bmhwSWlsSzZtNmpmLWRpSENDTFBIQ2VCSXN4djd3eTRxUVNMbHNVVmFwNGh0dDlHeWpmYVJFbWhLdU9IWUh1d0pXTGhIRmRvUWZOWEVOYkHSAYICQVVfeXFMTVpZZWRia25PQTZTRXZncTNEb0YzWWFPLUtRQzJ0SjROWmIxdmtyNEduOEl6VXhXUVh2ejN3dVVFQ01TR0o2MVNldTkyallPeU9PMGQyaFJTaGpjcHVMX29CeGJHN1hPSUZSaEx1YTZEdzhaMFpYQm9lZndqci00UHIzYklqckhNeFk0NlhYTjBTcHVwdnZ1b0NQOGNoV3NnS2pUSmpxa0dlQ0hzclVKcnk0N25ocElpbEs2bTZqZi1kaUhDQ0xQSENlQklzeHY3d3k0cVFTTGxzVVZhcDRodHQ5R3lqZmFSRW1oS3VPSFlIdXdKV0xoSEZkb1FmTlhFTmJB?oc=5
699,699,Joven Pan,Ministros visitam Rio Branco após estragos causados pelas chuvas,"Recursos federais serão destinados para a capital do Acre, que registrou mais de 32 mil pessoas atingidas por enchente e transbordamento de igarapés",2023-03-26 17:27:00,https://jovempan.com.br/noticias/brasil/ministros-visitam-rio-branco-apos-estragos-causados-pelas-chuvas.html
510,510,Joven Pan,CBF adia jogos de equipes gaúchas devido às fortes chuvas no Rio Grande do Sul,"Medida afeta 12 jogos de diversas competições e divisões do futebol brasileiro; Estado vive situação de emergência, com 31 mortos, 74 desaparecidos e 56 feridos",2024-05-03 13:13:00,https://jovempan.com.br/noticias/brasil/cbf-adia-jogos-de-equipes-gauchas-devido-as-fortes-chuvas-no-rio-grande-do-sul.html
1082,1082,G1,"Pontes afetadas pela enchente são desobstruídas em Itaóca, SP","Pontes afetadas pela enchente são desobstruídas em Itaóca, SP&nbsp;&nbsp;G1",2014-01-17 08:00:00,https://news.google.com/rss/articles/CBMiuwFBVV95cUxPMnQtZFJKWVJtbDFXNUVhTlNFNjBZS3hsa0diVU5fSlNlRkhCX1lFb2lxRTZTT2xjYkl0UXZmQ3A2MWtid2ZIcmJmdjhOdFhlQjJzTnVPYXNoNThWVHVKaUQwTFpsS0M4SENPMkZiOVdtQzB6UUdkeW5ka29fYlRneWt2a2RrQ2lYSy1zVHVZVUx0N0d4UzVnUUJXbnJmdHlIcVdXNV9mVWVvWW9nX1V1ZzFHQ0RMempJdWJj?oc=5
474,474,Joven Pan,Casal mineiro presta auxílio a moradores atingidos pelas enchentes no RS,"Elaine e Danilo foram tocados pela situação durante uma visita prévia à região; além de um ambiente acolhedor, o motorhome oferece alimentação e roupas",2024-05-16 10:50:00,https://jovempan.com.br/programas/jornal-da-manha/casal-mineiro-presta-auxilio-a-moradores-atingidos-pelas-enchentes-no-rs.html
856,856,Joven Pan,Cláudio Castro: chuva que atingiu Petrópolis foi ‘a pior desde 1932’,Governador do Rio de Janeiro esteve no local e informou que foram registrados 240 milímetros de chuva em apenas duas horas,2022-02-16 19:19:00,https://jovempan.com.br/noticias/brasil/claudio-castro-chuva-que-atingiu-petropolis-foi-a-pior-desde-1932.html
747,747,Joven Pan,"Chuvas atrapalham blocos, trazem riscos de doenças e colocam motoristas em perigo durante o Carnaval","Devido a uma frente fria, feriado será chuvoso em todo o Sudeste; neste sábado, temporal dispersou público nos cortejos de São Paulo",2023-02-18 20:52:00,https://jovempan.com.br/noticias/brasil/chuvas-atrapalham-blocos-trazem-riscos-de-doencas-e-colocam-motoristas-em-perigo-durante-o-carnaval.html
252,252,Joven Pan,Idoso morre em alagamento na Vila Prudente após fortes chuvas em São Paulo,"Um idoso faleceu preso em seu carro durante alagamento em São Paulo, que enfrentou chuvas intensas e evacuou milhares.",2025-02-02 16:57:00,https://jovempan.com.br/noticias/brasil/idoso-morre-em-alagamento-na-vila-prudente-apos-fortes-chuvas-em-sao-paulo.html
21,21,Joven Pan,"Chuva dá trégua em SP nesta sexta, mas Sudeste segue em alerta","Temperatura em São Paulo sobe, com máxima prevista de 26ºC; instabilidades são esperadas no Norte e Centro-Oeste",2026-03-13 08:14:00,https://jovempan.com.br/programas/jornal-da-manha/chuva-da-tregua-em-sp-nesta-sexta-mas-sudeste-segue-em-alerta.html
459,459,Joven Pan,Nível do Guaíba atinge menor medição desde início das enchentes no RS,"Lago registrou 4,05m na tarde desta terça-feira, contudo, ainda está mais de um metro acima do seu índice normal",2024-05-21 21:40:00,https://jovempan.com.br/noticias/brasil/nivel-do-guaiba-atinge-menor-medicao-desde-inicio-das-enchentes-no-rs.html
276,276,Joven Pan,Inmet emite alerta para chuvas intensas até quarta em diversas regiões do Brasil,"Entre os locais afetados estão Rondônia, Mato Grosso, Mato Grosso do Sul, Goiás, além de Minas Gerais, Bahia, Sergipe, Alagoas, Paraíba, Pernambuco, Rio Grande do Norte, Ceará, Pará, Piauí, Maranhão, Tocantins e o Distrito Federal",2025-01-14 20:09:00,https://jovempan.com.br/noticias/brasil/inmet-emite-alerta-para-chuvas-intensas-ate-quarta-em-diversas-regioes-do-brasil.html
955,955,Joven Pan,"‘Aqui ninguém foge da responsabilidade’, diz Cláudio Castro após tragédia no Rio",Pai e filha morreram soterrados no desabamento do prédio na comunidade Rio das Pedras; outras quatro pessoas ficaram feridas,2021-06-03 13:50:00,https://jovempan.com.br/noticias/brasil/o-problema-e-de-todos-nos-em-conjunto-aqui-ninguem-foge-da-responsabilidade-disse-claudio-castro-apos-tragedia-no-rio.html
385,385,Joven Pan,"‘Se eventos como as queimadas forem recorrentes, será necessário orçamento próprio’, diz Haddad","Ministro defendeu ainda a importância de o mundo encontrar uma solução global para o problema, afirmando que ele ‘não tem fronteiras’",2024-09-23 08:31:00,https://jovempan.com.br/noticias/brasil/se-eventos-como-as-queimadas-forem-recorrentes-sera-necessario-orcamento-proprio-diz-haddad.html
805,805,Joven Pan,Sobe para 91 o número de mortos por causa das chuvas em Pernambuco,Outras 26 pessoas continuam desaparecidas e 6 mil estão desabrigadas; previsão é de que precipitações continuem com intensidade moderada até a próxima sexta-feira,2022-05-30 12:01:00,https://jovempan.com.br/noticias/brasil/sobe-para-91-o-numero-de-mortos-por-causa-das-chuvas-em-pernambuco.html
343,343,Joven Pan,Defesa Civil de São Paulo alerta para chuvas e granizo em diversas cidades,"Municípios como Bauru, São José dos Campos e São José do Rio Preto estão entre os locais que podem ser impactados",2024-11-01 19:14:00,https://jovempan.com.br/noticias/brasil/defesa-civil-de-sao-paulo-alerta-para-chuvas-e-granizo-em-diversas-cidades.html
769,769,Joven Pan,"Em clima de apreensão com chuvas no RJ, Justiça desbloqueia R$ 2 bilhões para obras na região serrana","Na última terça-feira, 13, um temporal atingiu o município de Petrópolis, provocou alagamentos em pontos críticos da cidade e interdição de vias",2022-12-19 07:13:00,https://jovempan.com.br/programas/jornal-da-manha/em-clima-de-apreensao-com-chuvas-no-rj-justica-desbloqueia-r-2-bilhoes-para-obras-na-regiao-serrana.html
130,130,Joven Pan,São Paulo amanhece em estado de atenção para alagamentos em todas as regiões,"Segundo o CGE, há risco para rajadas de vento, pontos de alagamento intransitáveis e extravasamento de rios e córregos nesta quarta-feira (29)",2025-10-29 07:17:00,https://jovempan.com.br/programas/jornal-da-manha/sao-paulo-amanhece-em-estado-de-atencao-para-alagamentos-em-todas-as-regioes.html
871,871,Joven Pan,"Fortes chuvas devem persistir em São Paulo até quarta-feira, afirma meteorologista do Inmet","Segundo Mamedes Luiz Melo, o Estado já está no limite em relação à média climatológica, já tendo ultrapassado 200 milímetros em vários municípios",2022-01-31 10:09:00,https://jovempan.com.br/programas/jornal-da-manha/fortes-chuvas-devem-persistir-em-sao-paulo-ate-quarta-feira-afirma-meteorologista-do-inmet.html
1123,1123,G1,Internauta registra enchente em cidade da Irlanda,Internauta registra enchente em cidade da Irlanda&nbsp;&nbsp;G1,2009-11-20 08:00:00,https://news.google.com/rss/articles/CBMiZEFVX3lxTE9IX3ZLYkJ2cnBSZ2ctWU1wbnF5YWhpRUJmZEZoc3IzeEg5M2hvZ1dReXloRVI0N2JXMHVUS1Z4dFFuejdXUkMwSVRNb092dE84X190ZVFGZjk2dlVPUVFpZG9fdnk?oc=5
87,87,Joven Pan,Veja quais regiões do Brasil devem registrar chuvas acima da média no verão,Previsão do Inmet indica maiores volumes no Norte e Sul e precipitação abaixo do histórico no Sudeste e Nordeste para a estação que começa neste domingo (21),2025-12-21 08:55:00,https://jovempan.com.br/noticias/brasil/veja-quais-regioes-do-brasil-devem-registrar-chuvas-acima-da-media-no-verao.html
330,330,Joven Pan,Centro-Sul deve ter chuva acima da média em dezembro,"Previsão do início do mês indica precipitações acima da média em várias regiões do país; capital paulista pode atingir uma máxima de 30ºC nesta segunda, com possibilidade de temporais à tarde e tempo abafado",2024-12-02 14:50:00,https://jovempan.com.br/noticias/brasil/centro-sul-deve-ter-chuva-acima-da-media-em-dezembro.html
466,466,Joven Pan,"Enchentes no RS: balanço aponta prejuízo de R$ 4,6 bilhões no setor habitacional","Segundo dados da Confederação Nacional de Municípios (CNM), mais de 105,4 mil casas foram danificadas ou destruídas pela tragédia ambiental no Estado",2024-05-18 19:10:00,https://jovempan.com.br/noticias/brasil/enchentes-no-rs-balanco-aponta-prejuizo-de-r-46-bilhoes-no-setor-habitacional.html
121,121,Joven Pan,Sábado será de chuva fraca com possibilidade de ventania em SP,"Durante a noite, a temperatura cai, com mínima prevista de 16°C; Defesa Civil do Estado alerta para os riscos do ciclone extratropical, seguido por uma frente fria",2025-11-08 13:09:00,https://jovempan.com.br/noticias/brasil/sabado-sera-de-chuva-fraca-com-possibilidade-de-ventania-em-sp.html
1044,1044,G1,Rapaz 'surfa' em água de enchente em parque de Curitiba; veja o vídeo,Rapaz 'surfa' em água de enchente em parque de Curitiba; veja o vídeo - notícias em Paraná&nbsp;&nbsp;G1,2015-10-23 07:00:00,https://news.google.com/rss/articles/CBMivwFBVV95cUxObThiS3VVOWc2bVZRMF96c3hucUg2cTNIZlB5cGxJdnRFSlB2bndidWIzaTM3eXVPdllGd1REZlBTWGZfUUtLeVI0Z1NiV0VBcW90aDdQVlRyckJnQXlHTDhjQnB3Rl9QQUtKZTV5M3MzTDg5bEZOT05YQzdpNnFHU3VHdlRpQXpzT3pHbmVjaXpOM29XemRSeDdRVndpSmFjbW9nbnlQS01xZGhLQlItLUZOampVZFZqcUFEaV84WQ?oc=5
1095,1095,G1,"Danúbio recua, e Budapeste escapa de enchente","Danúbio recua, e Budapeste escapa de enchente&nbsp;&nbsp;G1",2013-06-10 07:00:00,https://news.google.com/rss/articles/CBMimgFBVV95cUxOQk1fVjQ2akVVRkprRVVvcC1tWmo0Y25JUk9YdU1IdU5QejBEdnpkOEdkaWdGOTI5YjhfRUd4azBSS25OMURsTlRqVTJCRTVlWk9icjZ1VHF6ZXRMRHV6Z1VQeU1ncUZrb1lPcDZ4SzdsNlRkeW41OF9RSFZPZWJhN3c1QmRTQW5vU0JBR0pjdUJ0NGxWQXEzQmt3?oc=5
1130,1130,Folha de S.Paulo,Artigo: Lembranças de uma enchente que mudou a política americana,Artigo: Lembranças de uma enchente que mudou a política americana - 11/09/2005&nbsp;&nbsp;Folha de S.Paulo,2005-09-11 07:00:00,https://news.google.com/rss/articles/CBMiZ0FVX3lxTFBvcENrczdFb1EzLWFqck5aZjNWVzhkX1JjZXpXZ0lXVFowREZYVjhXSEJFXy1VZWtGX19jaC1xbUJ2RllxeDhneDY3M0Z1NHFudGlqbzhoeDloNVJnYWdtX0F1U3BteE0?oc=5
860,860,Joven Pan,Veja vídeos das enxurradas e dos deslizamentos de terra em Petrópolis,"Com o excesso de água que atingiu a região, casas, carros, ônibus, lojas e árvores foram arrastados, e as vias públicas se transformaram em um rio",2022-02-16 14:38:00,https://jovempan.com.br/noticias/brasil/veja-videos-do-momento-exato-do-deslizamento-de-terra-em-petropolis.html
1126,1126,Folha de S.Paulo,Enchente isola 2.000 famílias em Campos,Enchente isola 2.000 famílias em Campos - 01/12/2008&nbsp;&nbsp;Folha de S.Paulo,2008-12-01 08:00:00,https://news.google.com/rss/articles/CBMia0FVX3lxTE9VN0dOZVJHcHBxeEtaaHFhZzRoMjM1NlN0akhPaW8zcHdSY3dyVnl5a1RkY2tWZVFkaWdqam5LOWtxTkVvYXF2MlBuMXBUUXpaa0wzV1FxT0w5WDhndHhPX25MQXBXb3FRTGd3?oc=5
